n_gram,document_frequency
health,8
care,7
insurance,6
patient,4
patients,4
price,4
pain,4
insulin,4
health care,3
prices,3
good,3
set,3
chronic,3
money,3
lower,3
appeals,2
avoid,2
shopping,2
wait,2
goodrx,2
discount,2
excited,2
healthcare,2
medical,2
hear,2
planet,2
cost,2
depression,2
eyes,2
picture,2
bust,2
major,2
suffer,2
people,2
surprised,2
diabetes,2
experience,2
canada,2
article,2
quality,2
holidays,2
pharmacy,2
sleep,2
endoflife care,2
protect,2
soda,2
mention,2
risk,2
hate holidays,2
lilly,2
hate,2
guarantee,2
check,2
partnership,2
offer,2
medicare,2
nyt,2
drug,2
medications,2
telemedicine,2
drugs,2
chronic pain,2
program,2
endoflife,2
partnership digitalhealth ai,1
partnership quickcare,1
partnership quickcare pharmacy,1
pass,1
pain hate,1
partnership digitalhealth,1
pain doc,1
palmd triad drugs,1
panel,1
palmd triad,1
palmd,1
panel discussion,1
panel discussion patients,1
pain stress healthylifestyle,1
paper,1
paper picture,1
pain stress,1
pain macular degeneration,1
pain macular,1
pain hate holidays,1
owning primary care,1
pain doc signed,1
abruptly,1
outline,1
owning primary,1
offutt_afb,1
officiating numb,1
officiating,1
offer refunds disliked,1
offer refunds,1
offer halfprice insulin,1
offer halfprice,1
nytimes inquiry sham,1
nytimes inquiry,1
nytimes,1
nyt sucks,1
nyt details insanely,1
nyt details,1
nutrients good health,1
nutrients good,1
nutrients,1
numb wait till,1
numb wait,1
officiating numb wait,1
oligometas,1
owning,1
online,1
overpaying sim,1
overpaying,1
overinflated rates insulin,1
overinflated rates,1
overinflated,1
overdiagnosis,1
outline views cha,1
outline views,1
pass historic legislation,1
ordering blackout curtains,1
ordering blackout,1
ordering,1
ophthalmology visit waiting,1
ophthalmology visit,1
ophthalmology,1
online shopping experience,1
online shopping,1
pass historic,1
patient safety,1
passed,1
prerana nhs,1
price awp,1
pretty fake,1
pretty,1
prescription drug prices,1
prescription drug,1
prescription,1
prescribed kardia,1
prescribed,1
prerana nhs staff,1
prerana,1
price incorrect,1
practices anthem pursi,1
practices anthem,1
practices,1
postflood reconstruction offutt_afb,1
postflood reconstruction,1
postflood,1
portal epeeps prescribed,1
portal epeeps,1
portal,1
price awp benchmark,1
price incorrect promo,1
poor expensive,1
prison,1
problem days,1
problem,1
probe disgusting,1
probe,1
privacy cerberus picture,1
privacy cerberus,1
privacy,1
prison iranian regime,1
prison iranian,1
primary care practices,1
price setting,1
primary care,1
primary,1
pricing guarantees commonly,1
pricing guarantees,1
pricing,1
prices deliver transfo,1
prices deliver,1
prices check lower,1
prices check,1
poor expensive live,1
poor,1
passed includes,1
patient notes alivecor,1
patients suffer,1
patients struggling diabetes,1
patients struggling,1
patients advocates attending,1
patients advocates,1
patient vaginal probe,1
patient vaginal,1
patient safety outline,1
novascripts hear poor,1
patient notes,1
pay overinflated,1
patient missed questi,1
patient missed,1
path set pretty,1
path set,1
path,1
passes moving calpers,1
passes moving,1
passes,1
passed includes postflood,1
pay,1
pay overinflated rates,1
pollution,1
picture paper,1
points loss,1
points,1
playoffs,1
plastic,1
planet wef healthtech,1
planet wef,1
pillpack plastic,1
pillpack,1
picture paper picture,1
photo exhibit year,1
people chronic,1
photo exhibit,1
photo,1
pharmacy recommended shopping,1
pharmacy recommended,1
perinatal medicine specialists,1
perinatal medicine,1
perinatal,1
people notice,1
people chronic conditions,1
numb,1
no_good_dog,1
novascripts hear,1
lowcost insulin appears,1
major health insurance,1
major health,1
magicnursetree,1
macular degeneration medical,1
macular degeneration,1
macular,1
lyrics lyin eyes,1
lyrics lyin,1
lyrics,1
lyin eyes eagles,1
lyin eyes,1
lyin,1
luckily bad experience,1
luckily bad,1
luckily,1
ltdeep breath gt,1
ltdeep breath,1
ltdeep,1
lower prices,1
lower price,1
lower prescription drug,1
major healthcare,1
major healthcare provider,1
makary,1
manochehr bakhtiari,1
matters magicnursetree,1
matters,1
matter codified price,1
matter codified,1
matter,1
mattdfisk glad hear,1
mattdfisk glad,1
mattdfisk,1
manochehr bakhtiari tortured,1
manochehr,1
makary learned,1
mandating sexual assault,1
mandating sexual,1
mandating,1
man economy,1
man,1
makeup inside bag,1
makeup inside,1
makeup,1
makary learned explaining,1
lower prescription,1
lowcost insulin,1
mbc_advocate sabcssanantonio,1
lowcost,1
life finally ordering,1
life finally,1
life,1
lengths protect privacy,1
lengths protect,1
lengths,1
legit wan,1
legit,1
legislation lower prescription,1
legislation lower,1
legislation,1
learned explaining incentives,1
learned explaining,1
learned,1
leader follow path,1
leader follow,1
leader,1
lawrence insurance company,1
lawrence insurance,1
lawrence,1
lawmakers lilly program,1
lilly authorized,1
lilly authorized generic,1
lilly program,1
lori bey,1
lovely set lyrics,1
lovely set,1
lovely,1
love straight man,1
love straight,1
love,1
loss,1
losers,1
lori bey founded,1
lori,1
lilly program offer,1
live reason insurance,1
live reason,1
live,1
list recalled valsartan,1
list recalled,1
list,1
lined witnesses pushing,1
lined witnesses,1
lined,1
mbc_advocate,1
mbc_advocate sabcssanantonio arun,1
novascripts,1
mkraju wouldbe dear,1
nationalcsp ucsf cohort,1
nationalcsp ucsf,1
nationalcsp,1
myths medicinalcannabis avoid,1
myths medicinalcannabis,1
myths,1
moving calpers calstrs,1
moving calpers,1
moving,1
movie rental price,1
movie rental,1
movie,1
motivate today diet,1
motivate today,1
motivate,1
money providing health,1
money providing,1
money avoid overpaying,1
money avoid,1
mnagenergy alphwilliams expoztruth,1
mnagenergy alphwilliams,1
nau_us,1
nau_us mattdfisk,1
nau_us mattdfisk glad,1
products,1
notice,1
notes alivecor kardiapro,1
notes alivecor,1
notes,1
notable voicepowered digital,1
notable voicepowered,1
notable,1
no_good_dog bertshowbert lawrence,1
no_good_dog bertshowbert,1
night shifts,1
neonatal,1
night,1
nhs staff excluded,1
nhs staff,1
nhs,1
news tandem feature,1
news tandem,1
news,1
neonatal perinatal medicine,1
neonatal perinatal,1
mnagenergy,1
mkraju wouldbe,1
medical cannabis,1
mkraju,1
medscape,1
medicine specialists readbyqxmd,1
medicine specialists,1
medicine,1
medicinalcannabis avoid taglines,1
medicinalcannabis avoid,1
medicinalcannabis,1
medications people chronic,1
medications people,1
medication,1
medicareforall enact greennewdeal,1
medicareforall enact,1
medicareforall,1
medicare sanders nyt,1
medicare sanders,1
medicalbills errors cost,1
medicalbills errors,1
medicalbills,1
medical devices high,1
medical devices,1
medical cannabis program,1
meet,1
meet suenlw,1
meet suenlw vidyaeswaran,1
method waterboarding,1
missed questi,1
missed,1
minnesota adds chronic,1
minnesota adds,1
minnesota,1
michigan buying medication,1
michigan buying,1
michigan,1
method waterboarding sleep,1
method,1
mention impact,1
message framing appeals,1
message framing,1
message,1
merck gardasil hpv,1
merck gardasil,1
merck,1
mention medications people,1
mention medications,1
mention impact amdiabetesassn,1
problem days early,1
promise guarantee article,1
products increased,1
things,1
therealdoctort heartbreaking,1
therealdoctort,1
telemedicine innovation alvinfoo,1
telemedicine innovation,1
tedybruschi surprised awful,1
tedybruschi surprised,1
tedybruschi,1
teams season ended,1
teams season,1
teams,1
tandem feature current,1
tandem feature,1
tandem,1
tambreleighn drinks hors,1
tambreleighn drinks,1
tambreleighn,1
taglines include,1
taglines,1
suspension,1
surrounding dementia caregiver,1
surrounding dementia,1
therealdoctort heartbreaking cuffed,1
things treat,1
triad,1
things treat telemedicine,1
treatment established,1
treatment,1
treat telemedicine,1
treat,1
transfo,1
tortured prison iranian,1
tortured prison,1
tortured,1
torture method waterboarding,1
torture method,1
torture,1
tories canvassing health,1
tories canvassing,1
tories,1
today diet soda,1
today diet,1
today,1
till teams season,1
till teams,1
till,1
thoug,1
surrounding,1
surprised things treat,1
surprised things,1
surprised awful officiating,1
study lilly authorized,1
study lilly,1
study,1
struggling diabetes pay,1
struggling diabetes,1
struggling,1
stress healthylifestyle depression,1
stress healthylifestyle,1
stress,1
straight man economy,1
straight man,1
straight,1
stigma surrounding dementia,1
stigma surrounding,1
stigma,1
steveliewer congress defense,1
steveliewer congress,1
steveliewer,1
statnews,1
standard care treatment,1
standard care,1
stuff,1
stuff makary,1
stuff makary learned,1
super,1
surprised awful,1
surgery planet wef,1
surgery planet,1
surgery,1
supposed diabetes profi,1
supposed diabetes,1
supposed,1
super excited daytime,1
super excited,1
suffer patients suffer,1
subject,1
suffer patients,1
suenlw vidyaeswaran jose,1
suenlw vidyaeswaran,1
suenlw,1
sucks,1
subutex chronic pain,1
subutex chronic,1
subutex,1
subject customers,1
treatment established oligometas,1
triad drugs,1
products increased medications,1
witnesses pushing shame,1
witnesses,1
winners losers,1
winners,1
wholesale price awp,1
wholesale price,1
wholesale,1
westi,1
wef healthtech broadband,1
wef healthtech,1
wef,1
week house democrats,1
week house,1
week,1
waterboarding sleep depri,1
waterboarding sleep,1
waterboarding,1
warren blumenthal study,1
warren blumenthal,1
warren,1
wan,1
walk gun purchase,1
witnesses pushing,1
working,1
triad drugs problem,1
working resolution,1
youtube movie,1
youtube,1
year hope feel,1
year hope,1
year,1
wrote lovely set,1
wrote lovely,1
wrote,1
wouldbe dear leader,1
wouldbe dear,1
wouldbe,1
worth hellish online,1
worth hellish,1
worth,1
worst genuine reactions,1
worst genuine,1
worst,1
worsen heart failure,1
worsen heart,1
worsen,1
working resolution fixpharmacy,1
walk gun,1
walk,1
waiting eyes dilate,1
waiting eyes,1
valsartan,1
valid concerns typically,1
valid concerns,1
valid,1
vaginal probe disgusting,1
vaginal probe,1
vaginal,1
vaccine kills people,1
vaccine kills,1
vaccine,1
ucsf cohort wait,1
ucsf cohort,1
ucsf,1
typically patient safety,1
typically patient,1
typically,1
turkish investments,1
turkish,1
trips canada happening,1
trips canada,1
trips,1
valsartan products,1
valsartan products increased,1
vegetables,1
voice declared,1
waiting,1
wait till teams,1
wait till,1
wait meet suenlw,1
wait meet,1
voicepowered digital assistant,1
voicepowered digital,1
voicepowered,1
voice declared illegal,1
voice,1
vegetables nutrients,1
visit waiting eyes,1
visit waiting,1
visit,1
views cha,1
views,1
vidyaeswaran jose gutierrez,1
vidyaeswaran jose,1
vidyaeswaran,1
vegetables nutrients good,1
standard,1
stales deserved alicia,1
stales deserved,1
rebeccamisrael,1
reasons motivate,1
reasons,1
reason insurance required,1
reason insurance,1
reason,1
realdonaldtrump child walk,1
realdonaldtrump child,1
realdonaldtrump,1
readbyqxmd european resp,1
readbyqxmd european,1
readbyqxmd,1
read adults pain,1
read adults,1
read,1
reactions scenes thoug,1
reactions scenes,1
reactions,1
rates insulin patients,1
rates insulin,1
rates,1
raising valid concerns,1
reasons motivate today,1
rebeccamisrael helping,1
stales,1
rebeccamisrael helping message,1
required,1
reply tories canvassing,1
reply tories,1
reply,1
rental price incorrect,1
rental price,1
rental,1
regime speaking,1
regime,1
refunds disliked,1
refunds,1
reduce overdiagnosis,1
reduce,1
reconstruction offutt_afb,1
reconstruction,1
recommended shopping lower,1
recommended shopping,1
recommended,1
recalled valsartan products,1
recalled valsartan,1
recalled,1
raising valid,1
raising,1
rage pain hate,1
rage pain,1
providers prolong endoflife,1
providers prolong,1
providers,1
provider partnership digitalhealth,1
provider partnership,1
provider,1
protect privacy cerberus,1
protect privacy,1
protect planet,1
promo code customerservice,1
promo code,1
promo,1
lawmakers,1
promise guarantee,1
promise,1
prolong endoflife care,1
prolong endoflife,1
prolong,1
program offer halfprice,1
program offer,1
profi,1
providing,1
providing health,1
providing health care,1
quality endoflife care,1
rage,1
quickcare pharmacy,1
quickcare,1
questi,1
queerschtein luckily bad,1
queerschtein luckily,1
queerschtein,1
quality offer refunds,1
quality offer,1
quality endoflife,1
pump,1
putting health risk,1
putting health,1
putting,1
pushing shame nyt,1
pushing shame,1
pushing,1
pursi,1
purchase firearm,1
purchase,1
resolution,1
resolution fixpharmacy,1
resp,1
shame nyt sucks,1
sobering spread false,1
sobering spread,1
sobering,1
smashbox blackfriday discount,1
smashbox blackfriday,1
smashbox,1
small photo exhibit,1
small photo,1
small,1
sleep game night,1
sleep game,1
sleep depri,1
sim,1
signed form,1
signed,1
shortage alternatives,1
shortage,1
shopping lower prices,1
shopping lower,1
shopping experience subject,1
shopping experience,1
soda included,1
soda reasons,1
soda reasons motivate,1
specialists readbyqxmd,1
staff excluded raising,1
staff excluded,1
staff,1
spread false health,1
spread false,1
spread,1
sports suspension,1
sports,1
specialists readbyqxmd european,1
specialists,1
sound,1
speaking,1
speakerpelosi week house,1
speakerpelosi week,1
speakerpelosi,1
space canada small,1
space canada,1
space,1
sound doug collins,1
sound doug,1
shifts,1
shame nyt,1
risk aversion,1
shame,1
sanders nyt details,1
sanders nyt,1
sanders,1
safety outline views,1
safety outline,1
safety,1
sabcssanantonio arun standard,1
sabcssanantonio arun,1
sabcssanantonio,1
russia appeals antidoping,1
russia appeals,1
russia,1
ruling confirms merck,1
ruling confirms,1
ruling,1
robertcottrell risk aversion,1
robertcottrell risk,1
robertcottrell,1
risk check article,1
risk check,1
risk aversion promise,1
saruninjadesu,1
saruninjadesu adamjschmidt,1
saruninjadesu adamjschmidt absolute,1
set lyrics lyin,1
sham lined witnesses,1
sham lined,1
sham,1
sexual assault patient,1
sexual assault,1
sexual,1
setting,1
set pretty fake,1
set pretty,1
set lyrics,1
scenes,1
set based discount,1
set based,1
season ended playoffs,1
season ended,1
season,1
screening legit wan,1
screening legit,1
screening,1
scenes thoug,1
lawmakers lilly,1
kentucky mandating sexual,1
latest drillingmaps daily,1
composed,1
cost medical devices,1
cost medical,1
corridor composed gallery,1
corridor composed,1
corridor,1
contraindication cpr headless,1
contraindication cpr,1
contraindication,1
congress defense authorization,1
congress defense,1
congress,1
confirms merck gardasil,1
confirms merck,1
confirms,1
conditions insurances abruptly,1
conditions insurances,1
conditions,1
concerns typically patient,1
concerns typically,1
concerns,1
composed gallery space,1
cost money,1
cost money avoid,1
costs,1
current,1
daily mnagenergy,1
daily,1
customerservice,1
customers,1
curtains super excited,1
curtains super,1
curtains,1
current future automated,1
current future,1
cuffed inefficiency suffer,1
costs healt,1
cuffed inefficiency,1
cuffed,1
cpr headless patient,1
cpr headless,1
cpr,1
court ruling confirms,1
court ruling,1
court,1
count,1
composed gallery,1
company decide count,1
days,1
company decide,1
clinical patient notes,1
clinical patient,1
clinical,1
cleaning,1
chronic pain macular,1
chronic pain doc,1
chronic conditions insurances,1
chronic conditions,1
christian father manochehr,1
christian father,1
christian,1
child walk gun,1
child walk,1
child,1
chemobrainfog amypricephd stales,1
chemobrainfog amypricephd,1
chemobrainfog,1
check lower price,1
check lower,1
check article cleaning,1
check article,1
closer,1
closer divesting,1
closer divesting turkish,1
common,1
company,1
companies business owning,1
companies business,1
companies,1
commonly set based,1
commonly set,1
commonly,1
common hospitalized hf,1
common hospitalized,1
collins voice declared,1
code,1
collins voice,1
collins,1
cohort wait meet,1
cohort wait,1
cohort,1
codified price setting,1
codified price,1
codified,1
code customerservice,1
daily mnagenergy alphwilliams,1
days early,1
charleste clinical,1
devices high,1
discounts,1
discount worth hellish,1
discount worth,1
discount average wholesale,1
discount average,1
dilate wrote lovely,1
dilate wrote,1
dilate,1
digitalhealth ai,1
digitalhealth,1
digital assistant lands,1
digital assistant,1
digital,1
dietitian aurora health,1
dietitian aurora,1
dietitian,1
diet soda included,1
diet soda,1
diet,1
diabetes profi,1
diabetes pay overinflated,1
discounts beat,1
discounts beat insurance,1
discovered,1
divesting turkish,1
doug collins,1
doug,1
doeuvres panel discussion,1
doeuvres panel,1
doeuvres,1
doc signed form,1
doc signed,1
doc,1
divesting turkish investments,1
divesting,1
discovered neonatal,1
ditched soda reasons,1
ditched soda,1
ditched,1
disliked,1
disgusting,1
discussion patients advocates,1
discussion patients,1
discussion,1
discovered neonatal perinatal,1
diabetes pay,1
devices,1
days early big,1
devdevnumnums hard love,1
defense authorization,1
defense,1
declared illegal torture,1
declared illegal,1
declared,1
decide count,1
decide,1
decades health care,1
decades health,1
decades,1
dec westi,1
dec,1
dear leader follow,1
dear leader,1
dear,1
deal subutex chronic,1
deal subutex,1
deal,1
daytime sleep game,1
daytime sleep,1
daytime,1
defense authorization passed,1
degeneration,1
degeneration medical,1
depression screening,1
devdevnumnums hard,1
devdevnumnums,1
details insanely higher,1
details insanely,1
details,1
deserved alicia,1
deserved,1
depri,1
depression screening legit,1
depression fibromyalgiahow,1
degeneration medical cannabis,1
democrats pass historic,1
democrats pass,1
democrats,1
dementia caregiver,1
dementia,1
delivery pump,1
delivery,1
deliver transfo,1
deliver,1
charleste clinical patient,1
charleste,1
drillingmaps,1
amdiabetesassn supposed,1
arun,1
article quality offer,1
article quality,1
article cleaning,1
apt reply tories,1
apt reply,1
apt,1
appears inst,1
appears,1
appeals initiatives reduce,1
appeals initiatives,1
appeals antidoping agency,1
appeals antidoping,1
antidoping agency fouryear,1
antidoping agency,1
antidoping,1
anthem pursi,1
anthem,1
amypricephd stales deserved,1
amypricephd stales,1
amypricephd,1
arun standard,1
arun standard care,1
assault,1
authorization,1
average,1
automated insulin delivery,1
automated insulin,1
automated,1
authorized generic expanding,1
authorized generic,1
authorized,1
authorization passed includes,1
authorization passed,1
aurora health care,1
assault patient,1
aurora health,1
aurora,1
attending dec westi,1
attending dec,1
attending,1
assistant lands major,1
assistant lands,1
assistant,1
assault patient vaginal,1
amdiabetesassn supposed diabetes,1
amdiabetesassn,1
average wholesale price,1
alzspks challenge stigma,1
afford,1
advocates attending dec,1
advocates attending,1
advocates,1
adults pain stress,1
adults pain,1
adults,1
adult life finally,1
adult life,1
adult,1
adds chronic pain,1
adds chronic,1
adds,1
adamjschmidt absolute contraindication,1
adamjschmidt absolute,1
adamjschmidt,1
access lowcost insulin,1
access lowcost,1
access,1
absolute contraindication cpr,1
absolute contraindication,1
afford medicare,1
afford medicare sanders,1
agency,1
alivecor,1
alzspks challenge,1
alzspks,1
alvinfoo,1
alternatives,1
alphwilliams expoztruth energy,1
alphwilliams expoztruth,1
alphwilliams,1
alivecor kardiapro portal,1
alivecor kardiapro,1
alicia,1
agency fouryear,1
ali,1
aip_texas drug pricing,1
aip_texas drug,1
aip_texas,1
ai,1
aggression rage pain,1
aggression rage,1
aggression,1
agency fouryear sports,1
average wholesale,1
aversion,1
challenge stigma surrounding,1
breath gt providers,1
canada happening michigan,1
canada happening,1
calstrs closer divesting,1
calstrs closer,1
calstrs,1
calpers calstrs closer,1
calpers calstrs,1
calpers,1
buying medication,1
buying,1
bust statnews,1
bust myths medicinalcannabis,1
bust myths,1
business owning primary,1
business owning,1
business,1
broadband telemedicine innovation,1
broadband telemedicine,1
broadband,1
briansachs quality endoflife,1
briansachs quality,1
canada small,1
canada small photo,1
cannabis,1
care treatment established,1
challenge stigma,1
challenge,1
cha,1
cerberus picture paper,1
cerberus picture,1
cerberus,1
caregiver,1
care winners losers,1
care winners,1
care treatment,1
cannabis program,1
care practices anthem,1
care practices,1
care money,1
care ltdeep breath,1
care ltdeep,1
care explains,1
canvassing health matters,1
canvassing health,1
canvassing,1
briansachs,1
breath gt,1
aversion promise,1
breath,1
based discount,1
based,1
bakhtiari tortured prison,1
bakhtiari tortured,1
bakhtiari,1
bag putting health,1
bag putting,1
bag,1
bad experience worst,1
bad experience,1
bad,1
awp benchmark,1
awp,1
awful officiating numb,1
awful officiating,1
awful,1
avoid taglines include,1
avoid taglines,1
avoid overpaying sim,1
avoid overpaying,1
aversion promise guarantee,1
based discount average,1
beat,1
beat insurance,1
big deal subutex,1
blumenthal study lilly,1
blumenthal study,1
blumenthal,1
blackout curtains super,1
blackout curtains,1
blackout,1
blackfriday discount worth,1
blackfriday discount,1
blackfriday,1
big deal,1
beat insurance prices,1
big,1
bey founded alzspks,1
bey founded,1
bey,1
bette,1
bertshowbert lawrence insurance,1
bertshowbert lawrence,1
bertshowbert,1
benchmark,1
doug collins voice,1
drillingmaps daily,1
latest drillingmaps,1
hf,1
hospitalized hf,1
hospitalized,1
hors doeuvres panel,1
hors doeuvres,1
hors,1
hope feel bette,1
hope feel,1
hope,1
honordecency mkraju wouldbe,1
honordecency mkraju,1
honordecency,1
holidays insanity,1
holidays aggression rage,1
holidays aggression,1
historic legislation lower,1
historic legislation,1
historic,1
higher costs healt,1
higher costs,1
higher,1
high,1
hospitalized hf medscape,1
house,1
house democrats,1
illegal torture,1
incentives matter,1
incentives,1
impact amdiabetesassn supposed,1
impact amdiabetesassn,1
impact,1
imiksabi ewarren kentucky,1
imiksabi ewarren,1
imiksabi,1
illegal torture method,1
illegal,1
house democrats pass,1
ilhanmn guarantee healthcare,1
ilhanmn guarantee,1
ilhanmn,1
hughhbw prerana nhs,1
hughhbw prerana,1
hughhbw,1
hpv vaccine kills,1
hpv vaccine,1
hpv,1
hf medscape,1
hey goodrx partnership,1
include,1
hey goodrx,1
healthcare provider,1
healthcare medicareforall enact,1
healthcare medicareforall,1
health risk check,1
health risk,1
health points loss,1
health points,1
health matters magicnursetree,1
health matters,1
health insurance companies,1
health insurance,1
health dietitian aurora,1
health dietitian,1
health care winners,1
health care explains,1
healt,1
headless patient missed,1
headless patient,1
headless,1
hate holidays insanity,1
hate holidays aggression,1
healthcare provider partnership,1
healthtech,1
healthtech broadband,1
heartbreaking,1
hey,1
helping message framing,1
helping message,1
helping,1
hellish online shopping,1
hellish online,1
hellish,1
heartbreaking cuffed inefficiency,1
heartbreaking cuffed,1
heart failure common,1
healthtech broadband telemedicine,1
heart failure,1
heart,1
hear poor expensive,1
hear poor,1
hear pharmacy recommended,1
hear pharmacy,1
healthylifestyle depression fibromyalgiahow,1
healthylifestyle depression,1
healthylifestyle,1
incentives matter codified,1
included,1
hard love,1
insurances,1
join nationalcsp,1
join,1
johnleksander court ruling,1
johnleksander court,1
johnleksander,1
joedrn therealdoctort heartbreaking,1
joedrn therealdoctort,1
joedrn,1
jeffreyabennett mention impact,1
jeffreyabennett mention,1
jeffreyabennett,1
itssharayia goodrx discounts,1
itssharayia goodrx,1
itssharayia,1
istevejansen corridor composed,1
istevejansen corridor,1
istevejansen,1
iranian regime speaking,1
iranian regime,1
iranian,1
investments,1
join nationalcsp ucsf,1
jose,1
jose gutierrez,1
kills,1
latest,1
lands major healthcare,1
lands major,1
lands,1
kushalshahh working resolution,1
kushalshahh working,1
kushalshahh,1
kills people notice,1
kills people,1
kerrioberhauser edwardthardy realdonaldtrump,1
jose gutierrez ali,1
kerrioberhauser edwardthardy,1
kerrioberhauser,1
absolute,1
kentucky mandating,1
kentucky,1
kardiapro portal epeeps,1
kardiapro portal,1
kardiapro,1
kardia,1
insurances abruptly,1
insurance required,1
includes,1
insurance prices check,1
inquiry sham lined,1
inquiry sham,1
inquiry,1
innovation alvinfoo,1
innovation,1
initiatives reduce overdiagnosis,1
initiatives reduce,1
initiatives,1
inhaler insurance epipens,1
inhaler insurance,1
inhaler,1
inefficiency suffer patients,1
inefficiency suffer,1
inefficiency,1
increased medications,1
increased,1
incorrect promo code,1
incorrect promo,1
incorrect,1
includes postflood reconstruction,1
includes postflood,1
insanely,1
insanely higher,1
insanely higher costs,1
insulin patients,1
insurance prices,1
insurance epipens insurance,1
insurance epipens,1
insurance depression screening,1
insurance depression,1
insurance company decide,1
insurance company,1
insurance companies business,1
insurance companies,1
insulin delivery pump,1
insanity,1
insulin delivery,1
insulin bust statnews,1
insulin bust,1
insulin appears inst,1
insulin appears,1
inst,1
inside bag putting,1
inside bag,1
inside,1
hard love straight,1
hard,1
drillingmaps daily mnagenergy,1
estimated medicalbills errors,1
experience subject,1
expensive live reason,1
expensive live,1
expensive,1
expanding access lowcost,1
expanding access,1
expanding,1
exhibit year hope,1
exhibit year,1
exhibit,1
excluded raising valid,1
excluded raising,1
excluded,1
excited join nationalcsp,1
excited join,1
excited daytime sleep,1
excited daytime,1
ewarren kentucky mandating,1
ewarren kentucky,1
ewarren,1
european resp,1
experience subject customers,1
experience worst,1
experience worst genuine,1
eyes dilate wrote,1
fantastic,1
false health points,1
false health,1
false,1
fake,1
failure common hospitalized,1
failure common,1
failure,1
eyes eagles,1
eyes dilate,1
expert,1
expoztruth energy pollution,1
expoztruth energy,1
expoztruth,1
explains,1
explaining incentives matter,1
explaining incentives,1
explaining,1
expert surgery planet,1
expert surgery,1
european,1
estimated medicalbills,1
fantastic discovered neonatal,1
estimated,1
edwardthardy realdonaldtrump,1
edwardthardy,1
economy,1
early big deal,1
early big,1
early,1
eagles,1
drugstore trips canada,1
drugstore trips,1
drugstore,1
drugs worsen heart,1
drugs worsen,1
drugs problem days,1
drugs problem,1
drug pricing guarantees,1
drug pricing,1
drug prices deliver,1
drug prices,1
drinks hors doeuvres,1
drinks hors,1
drinks,1
edwardthardy realdonaldtrump child,1
enact,1
enact greennewdeal,1
epipen shortage,1
established oligometas,1
established,1
errors cost money,1
errors cost,1
errors,1
epipens insurance depression,1
epipens insurance,1
epipens,1
epipen shortage alternatives,1
epipen,1
enact greennewdeal protect,1
epeeps prescribed kardia,1
epeeps prescribed,1
epeeps,1
energy pollution,1
energy,1
endoflife care money,1
endoflife care ltdeep,1
ended playoffs,1
ended,1
fantastic discovered,1
father,1
happening michigan buying,1
genuine reactions,1
great read,1
great,1
googleplay google youtube,1
googleplay google,1
googleplay,1
google youtube movie,1
google youtube,1
google,1
goodrx partnership quickcare,1
goodrx partnership,1
goodrx discounts beat,1
goodrx discounts,1
good stuff makary,1
good stuff,1
good sobering spread,1
good sobering,1
good health dietitian,1
good health,1
glad hear pharmacy,1
glad hear,1
glad,1
great read adults,1
greennewdeal,1
greennewdeal protect,1
gun,1
happening michigan,1
happening,1
halfprice insulin bust,1
halfprice insulin,1
halfprice,1
gutierrez ali,1
gutierrez,1
gun purchase firearm,1
gun purchase,1
guarantees commonly set,1
greennewdeal protect planet,1
guarantees commonly,1
guarantees,1
guarantee healthcare medicareforall,1
guarantee healthcare,1
guarantee article quality,1
guarantee article,1
gt providers prolong,1
gt providers,1
gt,1
genuine reactions scenes,1
genuine,1
father manochehr,1
generic expanding access,1
fouryear sports,1
fouryear,1
founded alzspks challenge,1
founded alzspks,1
founded,1
form,1
follow path set,1
follow path,1
follow,1
fixpharmacy,1
firearm,1
finally ordering blackout,1
finally ordering,1
finally,1
fibromyalgiahow,1
feel bette,1
feel,1
feature current future,1
feature current,1
feature,1
father manochehr bakhtiari,1
fouryear sports suspension,1
framing,1
framing appeals,1
gallery space,1
generic expanding,1
generic,1
gardasil hpv vaccine,1
gardasil hpv,1
gardasil,1
game night shifts,1
game night,1
game,1
gallery space canada,1
gallery,1
framing appeals initiatives,1
future automated insulin,1
future automated,1
future,1
fucking hate holidays,1
fucking hate,1
fucking,1
frronconi expert surgery,1
frronconi expert,1
frronconi,1
youtube movie rental,1
