id,text,created_at,processed_text,cluster
1036997663382753283,"RT @RxHoy: Las medicinas son caras. Visita https://t.co/b7dy3Rrzsi para empezar a ahorrar ya. HoyRX, la nueva forma de comprar medicinas a‚Ä¶",2018-09-04 15:21:24,rxhoy las medicinas son caras visita para empezar a ahorrar ya hoyrx la nueva forma de comprar medicinas a,0
1208171366454898688,this band that saved my life is a band again and for the first time in my life i can say there's a reasonable chanc‚Ä¶ https://t.co/NbkXoA9USA,2019-12-20 23:44:35,this band that saved my life is a band again and for the first time in my life i can say there s a reasonable chanc,1
1201653227911106560,RT @Berti_and_Ernie: #Luck and #Love are only words but if I watch him smile they get a meaning. https://t.co/wm1wP27ehs,2019-12-03 00:03:49,berti_and_ernie luck and love are only words but if i watch him smile they get a meaning,1
1203961452786176000,"RT @sch: My god, White Island volcano in New Zealand erupted today for first time since 2001. My family and I had gotten off it 20 minutes‚Ä¶",2019-12-09 08:55:53,sch my god white island volcano in new zealand erupted today for first time since my family and i had gotten off it minutes,1
1203406850332528646,RT @JasonIsbell: Chris is a good guy and clearly he‚Äôs done country music a great service but damn that‚Äôs a lot of pressure https://t.co/BOG‚Ä¶,2019-12-07 20:12:05,jasonisbell chris is a good guy and clearly he s done country music a great service but damn that s a lot of pressure,1
1201152922471583744,This is a great read for all adults. #pain #stress #healthylifestyle #depression #fibromyalgiaüëáüëáHow to get out of a‚Ä¶ https://t.co/I9qhLO4PQw,2019-12-01 14:55:47,this is a great read for all adults pain stress healthylifestyle depression fibromyalgiahow to get out of a,2
1206728221364031493,Vegetables contain many nutrients that are important for good health. A dietitian with Aurora Health Care explains‚Ä¶ https://t.co/glI0nQpagb,2019-12-17 00:10:02,vegetables contain many nutrients that are important for good health a dietitian with aurora health care explains,2
1210401278439907328,@palmd Triad drugs? No problem. Few days early? No big deal. Subutex for chronic pain? Well.... doc signed the form‚Ä¶ https://t.co/LpPLSKwqWl,2019-12-27 03:25:27,palmd triad drugs no problem few days early no big deal subutex for chronic pain well doc signed the form,2
1206624914146562054,Rockin the wheelchair today! Hospital appointments and more exploring. Have a wonderful day everybody! Only you put‚Ä¶ https://t.co/K3jcKMpj29,2019-12-16 17:19:32,rockin the wheelchair today hospital appointments and more exploring have a wonderful day everybody only you put,3
1209791824732262401,"RT @jamesdeeganMC: I hope Santa has been good to you all. Enjoy the day, eat, drink and be Merry. Raise a glass to absent friends, until Va‚Ä¶",2019-12-25 11:03:42,jamesdeeganmc i hope santa has been good to you all enjoy the day eat drink and be merry raise a glass to absent friends until va,3
1209893552047771648,@insulinth0t And congraduations on your marriage. I hope your wedding day will be all you want it to be.,2019-12-25 17:47:56,and congraduations on your marriage i hope your wedding day will be all you want it to be,3
1206578562624638979,"Let's boost this book today! Still time to order for your holiday reading, or as a super stocking stuffer gift!‚Ä¶ https://t.co/HdSlTr5TXs",2019-12-16 14:15:21,let s boost this book today still time to order for your holiday reading or as a super stocking stuffer gift,3
1202372525151444992,RT @FennerMichelle: This from a friend that @LillyDiabetes and customer support has personally swore to help. @Lija27 it has been 2 weeks a‚Ä¶,2019-12-04 23:42:03,fennermichelle this from a friend that lillydiabetes and customer support has personally swore to help it has been weeks a,4
1205628928553078784,Just received an over-the-top cool gift from one of my customers (and friend!). @NTLogisticsInc for the win this ho‚Ä¶ https://t.co/Y3kc2plSwQ,2019-12-13 23:21:50,just received an overthetop cool gift from one of my customers and friend ntlogisticsinc for the win this ho,4
1209945394412707841,This is basically the superb tips for discovering potential clients on Twitter and is used around the world at this‚Ä¶ https://t.co/UivcYcdCrj,2019-12-25 21:13:56,this is basically the superb tips for discovering potential clients on twitter and is used around the world at this,4
1201893055906762757,"RT @arwmd: Calling all #Telehealth and #telemedicine.

Please come join is in #Phoenix for the @AmericanTelemed annual conference.    As @A‚Ä¶",2019-12-03 15:56:49,arwmd calling all telehealth and telemedicine please come join is in phoenix for the americantelemed annual conference as a,4
1211412698069716992,"RT @patton6966: Attack on Jews in Ny yesterday, an attack on Christian's today. The DS is in panic mode with the truth coming out. Watch fo‚Ä¶",2019-12-29 22:24:28,attack on jews in ny yesterday an attack on christian s today the ds is in panic mode with the truth coming out watch fo,5
1205263628657725441,"RT @BriRiceWrites: Cincinnati is No. 1 city in US for beer drinkers, study says. See the rest of the top 10 https://t.co/fdIJDVIET3 via @en‚Ä¶",2019-12-12 23:10:16,briricewrites cincinnati is no city in us for beer drinkers study says see the rest of the top via en,5
1207367428663074821,"Peloton's holiday ad falls flat, Israeli startup notches another 510(k) and more digital health news briefs https://t.co/YFUp5PrSyL",2019-12-18 18:30:01,peloton s holiday ad falls flat israeli startup notches another and more digital health news briefs,5
1211701455444488192,"RT @Liz_Wheeler: So lemme get this straight.

An evil man opens fire in church.

Two concealed carry permit holders engage him.

One dies p‚Ä¶",2019-12-30 17:31:53,liz_wheeler so lem me get this straight an evil man opens fire in church two concealed carry permit holders engage him one dies p,5
1201940516952260609,When a person with dementia goes missing: A growing problem in Florida | Opinion https://t.co/98hDQqA5q3 via @tcpalm,2019-12-03 19:05:24,when a person with dementia goes missing a growing problem in florida opinion via tcpalm,5
1203076549525659648,The U.S. winter flu season is off to its earliest start in more than 15 years. (via @statnews @AP) Find a flu shot‚Ä¶ https://t.co/kuEGZ32Cxu,2019-12-06 22:19:36,the u.s. winter flu season is off to its earliest start in more than years via statnews ap find a flu shot,5
1207087028916998144,Animal Advocates Say Dallas Turning Blind Eye To Dog Fighting https://t.co/OglEKwqr39,2019-12-17 23:55:48,animal advocates say dallas turning blind eye to dog fighting,5
1202790013995347968,Shout out to @souplantation on W Point Loma Blvd in San Diego. No vegetarian soup and we complained and got these f‚Ä¶ https://t.co/sbmBhUDBVG,2019-12-06 03:21:00,shout out to souplantation on w point loma blvd in san diego no vegetarian soup and we complained and got these f,5
1202355798887686144,"RT @tambreleighn: Drinks, hors d‚Äôoeuvres, and a panel discussion for #Patients &amp; #Advocates attending #SABCS19. Dec 11th, 5pm-7pm CT, Westi‚Ä¶",2019-12-04 22:35:35,tambreleighn drinks hors doeuvres and a panel discussion for patients amp advocates attending dec ct westi,6
1201653895254159360,"RT @310Nutrition: Haven't ditched soda yet? Here's 6 Reasons to motivate you today (Diet Soda Included)!
https://t.co/Dm4fhMOFyi",2019-12-03 00:06:28,have not ditched soda yet here s reasons to motivate you today diet soda included,7
1044602502270857217,The list of recalled valsartan products has increased to 80 medications. Here's everything you need to know about t‚Ä¶ https://t.co/lqjD3ngzJt,2018-09-25 15:00:18,the list of recalled valsartan products has increased to medications here s everything you need to know about t,7
1208755334162071552,Knowing the signs - whether you see them in yourself or a loved one - is critical for intervention and prevention.‚Ä¶ https://t.co/4rVrKbNU7C,2019-12-22 14:25:03,knowing the signs whether you see them in yourself or a loved one is critical for intervention and prevention,8
1040659694484967430,"After a cancer diagnosis, families that talk and listen to each other experience better health outcomes than those‚Ä¶ https://t.co/6D8yWXrXmp",2018-09-14 17:53:00,after a cancer diagnosis families that talk and listen to each other experience better health outcomes than those,8
1206568006198923266,@the_tennisgrl Wow I love your Birthday suit very delicious very beautiful very sexy you look üëÄ delicious babe yum yum üòã‚ù§Ô∏èüíãüëÖüëÑüåπ,2019-12-16 13:33:24,the_tennisgrl wow i love your birthday suit very delicious very beautiful very sexy you look delicious babe yum yum,9
1202041994668851200,T1 You usually don't find out your choice is an illusion until you're force to choose between a procedure and feeding your family. #hcldr,2019-12-04 01:48:39,you usually do not find out your choice is an illusion until you re force to choose between a procedure and feeding your family hcldr,10
1209710555562418177,This time of year can be difficult. From the expectations &amp; pressures we put on our own selves or from outside infl‚Ä¶ https://t.co/J3i0vWIF6G,2019-12-25 05:40:46,this time of year can be difficult from the expectations amp pressures we put on our own selves or from outside infl,10
1203895674351345664,"‚ÄúIt is possible to hear something quite different by ceasing to love the noise of our own minds.
Never fear to see‚Ä¶ https://t.co/0ciRJyW0Cq",2019-12-09 04:34:30,it is possible to hear something quite different by ceasing to love the noise of our own minds never fear to see,10
1207127272156733441,"We have a choice in accepting the system... hard choice but choice no less.
https://t.co/TdBUbAy0ap",2019-12-18 02:35:43,we have a choice in accepting the system hard choice but choice no less,10
1205360054737596416,I never ended up using the B12 injections. I'm noticing a pattern where I can't seem to tolerate standard dosages o‚Ä¶ https://t.co/TNuYsPCk8T,2019-12-13 05:33:26,i never ended up using the injections i m noticing a pattern where i ca not seem to tolerate standard dosages o,10
1201246461868068864,@Panthers Seriously.   How do you look yourself in the mirror when your professional athletes and you don't try,2019-12-01 21:07:29,panthers seriously how do you look yourself in the mirror when your professional athletes and you do not try,10
1204754356823703552,"Vermont Should Legalize Marijuana Sales, Top Health Department Official Says - https://t.co/e08jRofTpG 
#StandUp...",2019-12-11 13:26:36,vermont should legalize marijuana sales top health department official says standup,11
1202802259450617862,"@DougEParker @StephenTatenda @SalsanRio @BoxyBate @vector1928 @dacullington @Acosta Trust me, I'm no moron...  But‚Ä¶ https://t.co/6flhnoznTv",2019-12-06 04:09:40,dougeparker stephentatenda salsanrio boxybate dacullington acosta trust me i m no moron but,12
1209260810343788545,"@TulsiGabbard Sorry, Tulsi...

@realDonaldTrump is the least of your problems right now. https://t.co/cQzQXcnQt5",2019-12-23 23:53:38,tulsigabbard sorry tulsi realdonaldtrump is the least of your problems right now,12
1205518994947661825,Disgusting! Far beyond the pale! #IllinoisSupremeCourt is compromised. Shame on @ComEd &amp; @Exelon. #Madigan &amp; both B‚Ä¶ https://t.co/gAawpA7NZU,2019-12-13 16:05:00,disgusting far beyond the pale illinoissupremecourt is compromised shame on comed amp exelon madigan amp both b,12
1173301017720606728,@PillPack Too much plastic!,2019-09-15 18:22:16,pillpack too much plastic,13
1206671528106057733,"RT @LALewman: Rep. Dean to colleagues in Congress: ""If you're here only to save your seat, if your vote only reflects self-preservation, I'‚Ä¶",2019-12-16 20:24:45,lalewman rep. dean to colleagues in congress if you re here only to save your seat if your vote only reflects selfpreservation i,14
653931475914637312,@craiggwillis Looks great! Thanks for sharing.,2015-10-13 13:53:07,craiggwillis looks great thanks for sharing,15
1202258299313364995,"üëèüëèCongratulations, @wmfeorlando! If you donated, thank you! https://t.co/SuP8QupSG8",2019-12-04 16:08:10,congratulations wmfeorlando if you donated thank you,15
1209501169724338178,Send healing and help big God üôèüèø https://t.co/EJ7ArB4f8h,2019-12-24 15:48:44,send healing and help big god,16
1201954313565851649,".@Healthcare_ABC Chairman, President and CEO Steve Collis has affirmed, ‚ÄúWe are united in our responsibility to cre‚Ä¶ https://t.co/78g1ykpxOu",2019-12-03 20:00:14,chairman president and ceo steve collis has affirmed we are united in our responsibility to cre,17
1203332746480955392,"RT @SenSherrodBrown: Let‚Äôs honor these workers by passing a bipartisan solution that protects @mineworkers‚Äô health care and retirement now,‚Ä¶",2019-12-07 15:17:38,sensherrodbrown let s honor these workers by passing a bipartisan solution that protects mineworkers health care and retirement now,17
1202786824235601920,We would like to congratulate these leaders of tomorrow. These young latinos will lead the way and make an impact i‚Ä¶ https://t.co/uJWYCiZLNH,2019-12-06 03:08:20,we would like to congratulate these leaders of tomorrow these young latinos will lead the way and make an impact i,18
1202650798259224576,Thanks Brad for supporting this important effort ! We are so close! https://t.co/MPMuXeSYfU,2019-12-05 18:07:49,thanks brad for supporting this important effort we are so close,18
1208087193341833216,‚≠êCongratulations to StartUp Health company @NuEyesUSA on being selected for the 2020 @MassChallenge HealthTech coho‚Ä¶ https://t.co/gD3daoZ17w,2019-12-20 18:10:06,congratulations to startup health company nueyesusa on being selected for the masschallenge healthtech coho,19
1206269695759806464,Xealth Named Finalist in Accenture‚Äôs HealthTech Innovation Challenge @hitconsultant https://t.co/WxhHOJTlCJ #Health‚Ä¶ https://t.co/wS6xmHye3c,2019-12-15 17:48:01,xealth named finalist in accenture s healthtech innovation challenge hitconsultant health,19
1204621107774525448,"RT @CharlesTe: Useful clinical information from the patient notes section in the @AliveCor KardiaPro portal. #EPeeps 

Prescribed Kardia fo‚Ä¶",2019-12-11 04:37:07,charleste useful clinical information from the patient notes section in the alivecor kardiapro portal epeeps prescribed kardia fo,20
1205623724826865664,Some fantastic research discovered by #Neonatal / #Perinatal #Medicine specialists thru #ReadbyQxMD | European Resp‚Ä¶ https://t.co/Rlcf3ZomPp,2019-12-13 23:01:10,some fantastic research discovered by neonatal perinatal medicine specialists thru readbyqxmd european resp,20
1206981577433133058,"RT @Lija27: From Warren and Blumenthal's study: Lilly's ""authorized generic, rather than expanding access to low-cost insulin, appears inst‚Ä¶",2019-12-17 16:56:47,from warren and blumenthal s study lilly s authorized generic rather than expanding access to lowcost insulin appears inst,20
1205256176188960771,"RT @Hughhbw: Hello Prerana! NHS staff have been excluded after raising valid concerns, typically about patient safety. Outline views on cha‚Ä¶",2019-12-12 22:40:39,hughhbw hello prerana nhs staff have been excluded after raising valid concerns typically about patient safety outline views on cha,20
1208082310052102147,RT @aip_texas: Drug pricing guarantees are still commonly set based on a discount off of the Average Wholesale Price (AWP) ‚Äì a benchmark ev‚Ä¶,2019-12-20 17:50:42,aip_texas drug pricing guarantees are still commonly set based on a discount off of the average wholesale price awp a benchmark ev,20
1205726246858039297,@GooglePlay @Google I believe this #YouTube #movie rental price is incorrect? Promo Code? #CustomerService https://t.co/6CXPGLwMsr,2019-12-14 05:48:33,googleplay google i believe this youtube movie rental price is incorrect promo code customerservice,20
1204986960701321216,@chemobrainfog @AmyPricePhD @stales @amos18 Very well deserved Alicia!,2019-12-12 04:50:53,chemobrainfog amypricephd stales very well deserved alicia,20
1203340323587534848,Changes in Medicare for 2020 https://t.co/NTjRvUnjWp,2019-12-07 15:47:44,changes in medicare for,21
1071170032904876032,"With EpiPen still in shortage, here's what you need to know about its alternatives. https://t.co/oRFqgLm9Zb",2018-12-07 22:30:11,with epipen still in shortage here s what you need to know about its alternatives,22
1206574641411710976,"Given the news of Tandem IQ, what is most important feature for you of a current or future automated insulin delivery pump system?",2019-12-16 13:59:46,given the news of tandem iq what is most important feature for you of a current or future automated insulin delivery pump system,22
1210006752344911872,Good stuff Dr. Makary. As you have learned and are explaining- incentives matter.  The codified and price setting p‚Ä¶ https://t.co/mTQZP7lZp7,2019-12-26 01:17:45,good stuff dr. makary as you have learned and are explaining incentives matter the codified and price setting p,22
1208868393459363842,"RT @kanebrown: Why do families fall apart, why do good hearts have to break, why does heaven feel so far, and why do people fade away ‚ù§Ô∏è",2019-12-22 21:54:19,kanebrown why do families fall apart why do good hearts have to break why does heaven feel so far and why do people fade away,23
841400988670021633,Lori La Bey founded @AlzSpks to challenge the #stigma surrounding #Dementia https://t.co/gTzeUNUGky  #caregiver https://t.co/1MnpYluIMT,2017-03-13 21:30:02,lori la bey founded alzspks to challenge the stigma surrounding dementia caregiver,24
1202561551493763073,Thanks @rebeccamisrael for helping research the message framing and appeals of initiatives to reduce overdiagnosis‚Ä¶ https://t.co/RXZvsMfpeu,2019-12-05 12:13:11,thanks rebeccamisrael for helping research the message framing and appeals of initiatives to reduce overdiagnosis,24
1205217504043438081,"As major health insurance companies are getting into the business of owning primary care practices, Anthem is pursi‚Ä¶ https://t.co/ThVIoTrOV5",2019-12-12 20:06:59,as major health insurance companies are getting into the business of owning primary care practices anthem is pursi,24
1208160161036152832,"RT @DearAuntCrabby: Trump Is Freaked Out by Christianity Today‚Äôs Support for Impeachment

This is the slap in the face that Trump needed fr‚Ä¶",2019-12-20 23:00:03,dearauntcrabby trump is freaked out by christianity today s support for impeachment this is the slap in the face that trump needed fr,25
1206019607070486528,"Never heard of that fat waste of life .  Trump supporters are winning 
Wolverines (do you understand?) https://t.co/8yurj5OXs1",2019-12-15 01:14:15,never heard of that fat waste of life trump supporters are winning wolverines do you understand,25
1205131849057677312,I hope everyone is watching the impeachment hearings so y'all know who not to vote for next go around. (hint anyone‚Ä¶ https://t.co/wUFv4uk9qT,2019-12-12 14:26:37,i hope everyone is watching the impeachment hearings so yall know who not to vote for next go around hint anyone,25
1207165985859473408,"@marchandsteve @PBS @AndrewYang The media blackout was blatant with msnbc, but to give pbs the benefit of the doubt‚Ä¶ https://t.co/PgUXc3N2Ex",2019-12-18 05:09:33,marchandsteve pbs andrewyang the media blackout was blatant with msnbc but to give pbs the benefit of the doubt,25
1207990597237137408,"RT @Jim_Hickman13: I love the United States of America &amp; my President, @realDonaldTrump, served almost three decades &amp; proudly fought in tw‚Ä¶",2019-12-20 11:46:16,i love the united states of america amp my president realdonaldtrump served almost three decades amp proudly fought in tw,25
1202290412443955200,can't wait to hear Professor Karlan refute the bs spewed by Turley right now,2019-12-04 18:15:46,ca not wait to hear professor karlan refute the bs spewed by turley right now,25
1207437070735757312,I support the Impeachment of Donald Trump. #TrumpImpeachment üá∫üá∏,2019-12-18 23:06:45,i support the impeachment of donald trump trumpimpeachment,25
1204848245236736001,God I hate headlines,2019-12-11 19:39:41,god i hate headlines,26
1209226351754063877,RT @dbongino: Thank you for your tremendous support. We began the video version of my podcast just a few months ago &amp; we hoped for the best‚Ä¶,2019-12-23 21:36:43,dbongino thank you for your tremendous support we began the video version of my podcast just a few months ago amp we hoped for the best,27
1201208747470798848,RT @mindbodythought: @NLPChris Thanks Chris.  I appreciate the support.  Somehow I want to start supporting and promoting authors I connect‚Ä¶,2019-12-01 18:37:37,mindbodythought nlpchris thanks chris i appreciate the support somehow i want to start supporting and promoting authors i connect,27
1205167346723278849,Congrats to @angelman and @TheMyositisAssc our fellow innovation awardees! Your projects sound amazing! https://t.co/dRHRrA0AHB,2019-12-12 16:47:41,congrats to angelman and themyositisassc our fellow innovation awardees your projects sound amazing,27
1204940623737970688,RT @buckhouse: The design team at Sequoiaüå≤is hiring. DM me for details. Can't wait to hear from you. https://t.co/JZd05iISEE,2019-12-12 01:46:46,buckhouse the design team at sequoiais hiring dm me for details ca not wait to hear from you,27
1166002627450232832,@jaysays We hate to hear that! I sincerely apologize that you didn't have a positive experience with Blink. We valu‚Ä¶ https://t.co/UjaNXNoIWB,2019-08-26 15:01:04,jaysays we hate to hear that i sincerely apologize that you did not have a positive experience with blink we valu,27
1206607778858622977,Thanks to our partners &amp; team members for sharing their insights on our blog this year! Read our top 2019 articles‚Ä¶ https://t.co/Mu4GdMKbKB,2019-12-16 16:11:26,thanks to our partners amp team members for sharing their insights on our blog this year read our top articles,27
1211693990208327680,No More Overwhelm: Free PDF Will Walk You Through the Steps You Need to Manage Your Time Effectively ~‚Ä¶ https://t.co/ScGGO09cs7,2019-12-30 17:02:14,no more overwhelm free pdf will walk you through the steps you need to manage your time effectively,27
1207665978773065728,A6 - My Ultimate goal is actually a goal that has been in the works for years. Those who follow my Instagram and se‚Ä¶ https://t.co/KuCpRw69vj,2019-12-19 14:16:21,my ultimate goal is actually a goal that has been in the works for years those who follow my instagram and se,27
1209909383913779206,"Vandy Twitter, this is my gift to you...a Commodore decade in photos. 

These are mostly in chronological order and‚Ä¶ https://t.co/xmo95SXTRz",2019-12-25 18:50:50,vandy twitter this is my gift to you a commodore decade in photos these are mostly in chronological order and,27
1208841131028570112,"@tielermua Damn I'm old 23 lmao, I still love them to this day üíì",2019-12-22 20:05:59,tielermua damn i m old lmao i still love them to this day,28
1208055129980723203,Jesus Christ...üò° https://t.co/ICG6gHqpTF,2019-12-20 16:02:42,jesus christ,29
1004529927071428609,@itssharayia YES! üî•üî• GoodRx discounts can sometimes beat insurance prices ‚Äì always check if there's a lower price!,2018-06-07 01:06:12,itssharayia yes goodrx discounts can sometimes beat insurance prices always check if there s a lower price,30
1204043292490514432,"RT @novascripts: When U hear that being poor is an expensive way 2 live, here is 1 reason Y. Those without insurance are usually required 2‚Ä¶",2019-12-09 14:21:05,novascripts when u hear that being poor is an expensive way live here is reason y. those without insurance are usually required,30
1208144341362991106,"@robertcottrell Risk aversion:
How did you promise or guarantee article quality?
Did you offer refunds for disliked‚Ä¶ https://t.co/zpovMwIHCg",2019-12-20 21:57:11,robertcottrell risk aversion how did you promise or guarantee article quality did you offer refunds for disliked,30
1206216861572055040,RT @JohnLeksander: Court Ruling Confirms Merck's Gardasil HPV Vaccine Kills People - Did Anyone Even Notice? https://t.co/Wu5lANloTc,2019-12-15 14:18:04,johnleksander court ruling confirms merck s gardasil hpv vaccine kills people did anyone even notice,31
1211415993982967808,"Good, sobering look at the spread of false health information in 2019. Really important points about the loss of tr‚Ä¶ https://t.co/5WM3HldXYb",2019-12-29 22:37:34,good sobering look at the spread of false health information in really important points about the loss of tr,31
1209450601211408384,"RT @LizaRosen101: This Christian father, Manochehr Bakhtiari, is being tortured in prison by Iranian regime, after speaking out about the d‚Ä¶",2019-12-24 12:27:48,this christian father manochehr bakhtiari is being tortured in prison by iranian regime after speaking out about the d,31
1210796095430770693,Russia appeals World Anti-Doping Agency for four-year sports suspension  https://t.co/dmFQl3zI0R,2019-12-28 05:34:19,russia appeals world antidoping agency for fouryear sports suspension,31
1205154171076448257,"RT @FrRonconi: #5G could get expert surgery to everyone on the planet
via @wef
 
#HealthTech #Broadband #Telemedicine #Innovation
@alvinfoo‚Ä¶",2019-12-12 15:55:19,frronconi could get expert surgery to everyone on the planet via wef healthtech broadband telemedicine innovation alvinfoo,32
1207685697798393861,"RT @BrianSachs: 2. Better Quality End-of-Life Care

&lt;deep breath&gt;

""Many providers try to prolong end-of-life care to get as much money out‚Ä¶",2019-12-19 15:34:42,briansachs better quality endoflife care ltdeep breath gt many providers try to prolong endoflife care to get as much money out,32
1206319482131689473,Notable's voice-powered digital assistant lands major US healthcare provider partnership #DigitalHealth #AI https://t.co/SJiwGmFUXh,2019-12-15 21:05:51,notable s voicepowered digital assistant lands major us healthcare provider partnership digitalhealth ai,32
1202045738668179461,RT @msrlble: congrats on coming out queen https://t.co/ngLQXgGKLE,2019-12-04 02:03:31,msrlble congrats on coming out queen,33
1207077100215103489,"RT @BrandonStraka: Congrats, @ScottPresler!! https://t.co/dreGvepUon",2019-12-17 23:16:21,brandonstraka congrats scottpresler,33
1204957824771485697,"Yeah, my man you say the TRUTH. https://t.co/syB8KGBbAq",2019-12-12 02:55:07,yeah my man you say the truth,34
1209950478710296576,RT @Berti_and_Ernie: And they say you can't see love... #dogsarelove https://t.co/kx9cnuLKSj,2019-12-25 21:34:08,berti_and_ernie and they say you ca not see love dogsarelove,35
1201164685493637120,üòÇüòÇüòÇThat's that @UGARedcoatBand #WreckedTech badly post üòÇüòÇüòÇ! #GoDawgs LOVE MY #Redcoats esp those trumpets--well all‚Ä¶ https://t.co/G2IWoggxMP,2019-12-01 15:42:32,that s that ugaredcoatband wreckedtech badly post godawgs love my redcoats esp those trumpetswell all,35
1209916284948885509,"He got her a ""beautiful card"" ... And that's all you need to know about Trump.üôÑ

#MerryChrismas üéÑ#BeBest #BeGone 

https://t.co/CXguuChb8K",2019-12-25 19:18:16,he got her a beautiful card and that s all you need to know about trump merrychrismas bebest begone,35
1208645415823794182,Kudos to Mike Esmond!!! https://t.co/veXpGQQ9L1,2019-12-22 07:08:17,kudos to mike esmond,36
1207105732459450368,Outstanding!!!  Kudos to All!! https://t.co/Uxpx1ozbEH,2019-12-18 01:10:08,outstanding kudos to all,36
1204678689222537216,The cost of medical devices is too high,2019-12-11 08:25:56,the cost of medical devices is too high,37
1206961530752950273,@AWastler Not a rich folk problem. Could change a adult working child‚Äôs tax bracket and take big tax bite out of the funds! Ok Millenial!,2019-12-17 15:37:07,awastler not a rich folk problem could change a adult working child s tax bracket and take big tax bite out of the funds ok millenial,38
1202411384559919104,"@NBCNews Hey maga lovers...enjoying your ""non-controlling"" government still? They've lowered taxes for the wealthy,‚Ä¶ https://t.co/WrMqNx105i",2019-12-05 02:16:28,nbcnews hey maga lovers enjoying your noncontrolling government still they ve lowered taxes for the wealthy,38
1210424699705909248,"Wondering what's the best use for his @CRED_club credits, 'Kill the bill' offers or some vouchers. Got some 35k coins",2019-12-27 04:58:31,wondering what s the best use for his cred_club credits kill the bill offers or some vouchers got some coins,38
1202298579651399681,"Are you Type A or Type B?
Introvert or Extrovert?
They, He, or She? 

Inclusion just got swaggier! Pick a pin on yo‚Ä¶ https://t.co/9LfjGXgHJn",2019-12-04 18:48:13,are you type a or type b introvert or extrovert they he or she inclusion just got swaggier pick a pin on yo,38
1208562848546336768,PROCRASTINATION: Bad News for Retirement Savings! ~ https://t.co/Hxvep10Tnu   #RetirementSaving #EarnMoneyOnline https://t.co/jLe9rw7lUf,2019-12-22 01:40:11,procrastination bad news for retirement savings retirementsaving earnmoneyonline,38
1211416336695537668,"@QualiaRedux @snarkbat IEPs are a thing under US law too, but... if you were deemed ""gifted"" a lot of US schools ju‚Ä¶ https://t.co/07O8Q13KDl",2019-12-29 22:38:56,qualiaredux snarkbat ieps are a thing under us law too but if you were deemed gifted a lot of us schools ju,38
1208163518299754496,RT @stevenfurtick: Faith is a focus. https://t.co/NKp3hVdWLa,2019-12-20 23:13:24,stevenfurtick faith is a focus,39
1208256531613007872,@wolverineswire Must be the coaching,2019-12-21 05:23:00,wolverineswire must be the coaching,39
1208782506423652354,Drugs That Worsen Heart Failure Common in Hospitalized HF https://t.co/y3zMSTpb7R via @medscape,2019-12-22 16:13:02,drugs that worsen heart failure common in hospitalized hf via medscape,40
1201762308650946560,"Minnesota adds chronic pain, macular degeneration to medical cannabis program https://t.co/hDetoRVDoF",2019-12-03 07:17:16,minnesota adds chronic pain macular degeneration to medical cannabis program,40
1211212034517417985,"I feel sorry for people who follow me expecting quality content like buddy, all you're gonna find here is a trash p‚Ä¶ https://t.co/gLLZ69BOaa",2019-12-29 09:07:06,i feel sorry for people who follow me expecting quality content like buddy all you re gon na find here is a trash p,41
1208514990258429954,"RT @brittanylynne8: And the driver was definitely taken care of, like what kind of person do you people think I am, goodness, 
ITS THE HOLI‚Ä¶",2019-12-21 22:30:01,and the driver was definitely taken care of like what kind of person do you people think i am goodness its the holi,41
1208810038854217728,"Love yourself, be yourself! ""There's no one I'd rather be than me."" Wreck-It Ralph #try https://t.co/hHFuYZumP3",2019-12-22 18:02:26,love yourself be yourself there s no one i d rather be than me wreckit ralph try,41
1203517800683323392,Honestly....I think I can deal with an even heavier weighted blanket. I thought 18lbs would be mad heavy but I wann‚Ä¶ https://t.co/PgTUO4M73O,2019-12-08 03:32:58,honestly i think i can deal with an even heavier weighted blanket i thought would be mad heavy but i wann,41
1204448904906866691,"RT @mbc_advocate: @SABCSSanAntonio Hello Dr. Arun, do you believe there will ever be standard of care treatment established for #oligometas‚Ä¶",2019-12-10 17:12:51,mbc_advocate sabcssanantonio hello dr. arun do you believe there will ever be standard of care treatment established for oligometas,42
720444589786718208,@KushalShahh We‚Äôre working to find a better resolution and #fixpharmacy,2016-04-14 02:52:30,kushalshahh we re working to find a better resolution and fixpharmacy,42
1208168196286533632,So excited to join @NationalCSP first @UCSF cohort! Can't wait to meet @suenlw @vidyaeswaran Jose Gutierrez and Ali‚Ä¶ https://t.co/LHLjnwGPFx,2019-12-20 23:31:59,so excited to join nationalcsp first ucsf cohort ca not wait to meet suenlw vidyaeswaran jose gutierrez and ali,42
1207824630792081408,RT @devdevnumnums: it is so hard to be in love with a straight man in this economy,2019-12-20 00:46:46,devdevnumnums it is so hard to be in love with a straight man in this economy,42
1201560139632918536,"Ophthalmology visit, waiting for my eyes to dilate I wrote a lovely set of lyrics to Lyin Eyes by the Eagles.",2019-12-02 17:53:55,ophthalmology visit waiting for my eyes to dilate i wrote a lovely set of lyrics to lyin eyes by the eagles,42
1203352644246556672,"RT @SpeakerPelosi: Next week, House Democrats will pass historic legislation to lower prescription drug prices and deliver the most transfo‚Ä¶",2019-12-07 16:36:42,speakerpelosi next week house democrats will pass historic legislation to lower prescription drug prices and deliver the most transfo,43
1204602962795991040,RT @SteveLiewer: Congress gets a #Defense authorization bill passed. Includes $400 million for post-flood reconstruction @Offutt_AFB and @N‚Ä¶,2019-12-11 03:25:01,steveliewer congress gets a defense authorization bill passed includes million for postflood reconstruction offutt_afb and n,43
1206872721486991360,Lawmakers say a Lilly program to offer half-price insulin is a bust https://t.co/WkUqGFqkhj via @statnews,2019-12-17 09:44:14,lawmakers say a lilly program to offer halfprice insulin is a bust via statnews,43
1208274414216761344,"Bill passes moving CalPERS, CalSTRS closer to divesting Turkish investments https://t.co/RWke7hH5Jz",2019-12-21 06:34:03,bill passes moving calpers calstrs closer to divesting turkish investments,43
1208033005035409408,#fresh #beautiful New Stainless Steel Hip Liquor Whiskey Alcohol Flask 5/6/7/8/9/10oz Wine Bottle Protable Mini Hip‚Ä¶ https://t.co/yQX3TdGNnO,2019-12-20 14:34:47,fresh beautiful new stainless steel hip liquor whiskey alcohol flask wine bottle protable mini hip,44
1207394307470172162,@HotnsxyJessie Wow babe I love it yumeeeeeeeeeee very delicious very beautiful very sexy lady yum üåπü•∞üòàüòç‚ô•Ô∏è,2019-12-18 20:16:49,hotnsxyjessie wow babe i love it yumee very delicious very beautiful very sexy lady yum,45
1204241123964792833,@BigBoobiesAngie @HotnsxyJessie Wow I love it babe yumeeeeeeeeeee delicious ‚ô•Ô∏èüòàüòçüåπü•∞,2019-12-10 03:27:12,bigboobiesangie hotnsxyjessie wow i love it babe yumee delicious,45
1203409218449084418,@orvermex Wow I love it babe yumeeeeeeeeeee delicious üåπüòçüëÖ‚ô•Ô∏èüòà,2019-12-07 20:21:30,orvermex wow i love it babe yumee delicious,45
1207515268622237696,RT @NBCNews: Analysis: President Trump pays a historic price for doing business his way: Impeachment. https://t.co/Yzj172wFNn,2019-12-19 04:17:29,nbcnews analysis president trump pays a historic price for doing business his way impeachment,46
1204843412370780160,Insurance Companies Ask Supreme Court For $12 Billion In Obamacare Losses | The Daily Caller https://t.co/4nmqYnTnDw,2019-12-11 19:20:29,insurance companies ask supreme court for billion in obamacare losses the daily caller,46
1201941259222425602,Pollak: Four Questions Republicans Should Ask Impeachment Experts at First Judiciary Hearing https://t.co/a1IULJXa9O via @BreitbartNews,2019-12-03 19:08:21,pollak four questions republicans should ask impeachment experts at first judiciary hearing via breitbartnews,46
1204474986095730688,"RT @washingtonpost: Perspective: A stunning indictment of the U.S. health-care system, in one chart https://t.co/s9GsPt4XTE",2019-12-10 18:56:29,washingtonpost perspective a stunning indictment of the u.s. healthcare system in one chart,46
1207274000545669120,Santa's Home Accessibility | Aging In Place Resources #aging #women #holiday #seniors  https://t.co/HudBFX3zdY,2019-12-18 12:18:46,santa s home accessibility aging in place resources aging women holiday seniors,47
1207021433269997569,@JoyceWhiteVance Speaking a gift wrapping -- have you seen this? üòÅhttps://t.co/OwcMXtXfOE,2019-12-17 19:35:09,joycewhitevance speaking a gift wrapping have you seen this,48
1207898176595709958,"RT @Franklin_Graham: ‚ÄúTurn to me and be saved, all the ends of the earth!  For I am God, and there is no other.‚Äù (Isaiah 45:22)",2019-12-20 05:39:01,franklin_graham turn to me and be saved all the ends of the earth for i am god and there is no other isaiah,49
1211430739926872065,"RT @BillyGraham: ""Make it your goal to become more like Christ by refusing to let sin have its way, and pursuing instead that which is pure‚Ä¶",2019-12-29 23:36:10,billygraham make it your goal to become more like christ by refusing to let sin have its way and pursuing instead that which is pure,50
1208975570937270273,Blessing your timeline with your cuteness. https://t.co/BnkSvDRI67,2019-12-23 05:00:12,blessing your timeline with your cuteness,51
1205162503983910912,"Yes! Love the beauty, the art, of these new signs! https://t.co/XxnLb50YwV",2019-12-12 16:28:26,yes love the beauty the art of these new signs,52
1202203675776540672,"Idealism comes from both hope and promise, so refine and polis... More for Pisces https://t.co/wPAgsdCZBY",2019-12-04 12:31:06,idealism comes from both hope and promise so refine and polis more for pisces,52
1210554478761349120,Kyle thanks for taking the time to tell Jake and Tye‚Äôs story. 1st year at Clemson and on a team playing the Buckeye‚Ä¶ https://t.co/mpGB7YqtAc,2019-12-27 13:34:13,kyle thanks for taking the time to tell jake and tye s story year at clemson and on a team playing the buckeye,53
1203566151118143488,Who will coach #TigerHighSchool after #mikenorvell leaves for #FSU. I hope it‚Äôs Lyle Allen‚Äôs job now,2019-12-08 06:45:06,who will coach tigerhighschool after mikenorvell leaves for fsu i hope it s lyle allen s job now,53
1090848030268579840,".@coveredca also spent $100 million on advertising. Mandates aren't the answer, and advertising isn't the answer. A‚Ä¶ https://t.co/8QF4dohAHZ",2019-01-31 05:43:32,also spent million on advertising mandates are not the answer and advertising is not the answer a,54
1208436614877323267,@Daniel_3747 Thanks for The Love. #PushLetsGo #ShowUpShowOut,2019-12-21 17:18:35,thanks for the love pushletsgo showupshowout,55
1205930218529153025,@TRVSTworld Thanks for The Love. #PushLetsGo #ShowUpShowOut,2019-12-14 19:19:03,trvstworld thanks for the love pushletsgo showupshowout,55
1202961454158270465,Not to mention all the other medications people with chronic conditions might need that insurances might abruptly t‚Ä¶ https://t.co/nwuzoinsbk,2019-12-06 14:42:15,not to mention all the other medications people with chronic conditions might need that insurances might abruptly t,56
1204475417702350849,An estimated 80% of #medicalbills contain errors that can cost you money. Avoid overpaying by following these 6 sim‚Ä¶ https://t.co/iyYCXPqp2U,2019-12-10 18:58:12,an estimated % of medicalbills contain errors that can cost you money avoid overpaying by following these sim,56
1211391488371908610,"Patients struggling with diabetes shouldn‚Äôt have to pay over-inflated rates for their insulin, but patients with ot‚Ä¶ https://t.co/egoO8z7ao3",2019-12-29 21:00:12,patients struggling with diabetes should not have to pay overinflated rates for their insulin but patients with ot,56
1206930476990173186,RT @horizonshirai: god i love her so fucking much https://t.co/euJUgJ0bgh,2019-12-17 13:33:44,horizonshirai god i love her so fucking much,57
1209153752608854017,Hey. For the last time - that room is not for you to make phone calls. Its not sound proof - I HEAR EVERYTHING. The‚Ä¶ https://t.co/hd4o62Bs27,2019-12-23 16:48:14,hey for the last time that room is not for you to make phone calls its not sound proof i hear everything the,58
1020745312351268866,Can't get a good night's sleep? These medications may be the cause of your night terrors and nightmares. https://t.co/pY5KZrILFL,2018-07-21 19:00:21,ca not get a good night s sleep these medications may be the cause of your night terrors and nightmares,59
1205206571103469571,RT @ColMorrisDavis: I‚Äôve testified before the House Armed Services Committee a few times and I hope to serve on it in 2021 ... with your he‚Ä¶,2019-12-12 19:23:32,colmorrisdavis i ve testified before the house armed services committee a few times and i hope to serve on it in with your he,60
1201664378560495616,RT @RepGosar: Always enjoy talking with America‚Äôs veterans. This morning in Prescott we discussed ways to improve healthcare for our vetera‚Ä¶,2019-12-03 00:48:08,repgosar always enjoy talking with america s veterans this morning in prescott we discussed ways to improve healthcare for our vetera,60
1209611743611113472,Such an inspirational talk by @apruden08 about his experience of serving in Afghanistan and Iraq and starting his n‚Ä¶ https://t.co/cb2ry70675,2019-12-24 23:08:07,such an inspirational talk by about his experience of serving in afghanistan and iraq and starting his n,60
1210023595809878017,I üíûto see him judged by a pain patient tribunal. https://t.co/GbAiIAQucY,2019-12-26 02:24:41,i to see him judged by a pain patient tribunal,60
1206204641459003398,They ignored security guard instructions to turn around at a US military base in Virginia and attempted to evade se‚Ä¶ https://t.co/QJntaa3LGD,2019-12-15 13:29:31,they ignored security guard instructions to turn around at a us military base in virginia and attempted to evade se,61
1210497613193084928,@MentalMinx Sword users fight for Grappler Rights,2019-12-27 09:48:15,mentalminx sword users fight for grappler rights,62
1207801993693188097,"‚ÄúThey get hands-on lab experience with real science projects,"" Daryl Davies of @USCSchPharmacy said of the high sch‚Ä¶ https://t.co/HCJRP8RoPn",2019-12-19 23:16:49,they get handson lab experience with real science projects daryl davies of uscschpharmacy said of the high sch,63
1204205458199916549,Wednesday is the final live session for #DigitalHealth @TuftsPHOnline - students will present their #DesignThinking‚Ä¶ https://t.co/WOcIBDRTIm,2019-12-10 01:05:28,wednesday is the final live session for digitalhealth tuftsphonline students will present their designthinking,63
1205533221250830336,"Top 15 'emerging jobs' for 2020 led by AI, data science, behavioral health &gt; https://t.co/db6EvNsE1X",2019-12-13 17:01:32,top emerging jobs for led by ai data science behavioral health gt,63
1205556529665056770,Could fish oil fight inflammation? https://t.co/ul55a03wV1,2019-12-13 18:34:09,could fish oil fight inflammation,64
1202963093351018497,@sheseemslegit *turns Love Dial to 11*,2019-12-06 14:48:46,sheseemslegit turns love dial to,65
1202645325896286208,@awelab1956 @MarthaBeallMitc love this DWR.,2019-12-05 17:46:04,marthabeallmitc love this dwr,65
1203859187542966273,@SaruNinjaDesu @adamjschmidt What‚Äôs an absolute contraindication for CPR? A headless patient. He missed this questi‚Ä¶ https://t.co/LhRSeS7O3A,2019-12-09 02:09:31,saruninjadesu adamjschmidt what s an absolute contraindication for cpr a headless patient he missed this questi,66
1204729465588387840,@KerriOberhauser @EdwardTHardy @realDonaldTrump No child can walk into a gun show and purchase a firearm. That‚Äôs a‚Ä¶ https://t.co/nGQBE4OqjO,2019-12-11 11:47:42,kerrioberhauser edwardthardy realdonaldtrump no child can walk into a gun show and purchase a firearm that s a,66
1205318773517017088,"RT @JoeDRN: @TheRealDoctorT It is heartbreaking that you are cuffed by the system's inefficiency. You suffer, the patients suffer more. You‚Ä¶",2019-12-13 02:49:24,joedrn therealdoctort it is heartbreaking that you are cuffed by the system s inefficiency you suffer the patients suffer more you,66
1203921745909936128,@queerschtein I've luckily never had a bad experience (the worst was just... genuine reactions to scenes even thoug‚Ä¶ https://t.co/JVwXxa4uPK,2019-12-09 06:18:06,queerschtein i ve luckily never had a bad experience the worst was just genuine reactions to scenes even thoug,66
1162427062403162112,@no_good_dog @BertShowBert Hi Lawrence ‚Äì it's up to the insurance company to decide if they'll count it towards a p‚Ä¶ https://t.co/fKZYBW7DJB,2019-08-16 18:13:03,no_good_dog bertshowbert hi lawrence it s up to the insurance company to decide if they ll count it towards a p,66
1204182370158555137,@jeffreyabennett not to mention this would impact @AmDiabetesAssn bottom line and other supposed diabetes non profi‚Ä¶ https://t.co/hqdQLCyvCI,2019-12-09 23:33:44,jeffreyabennett not to mention this would impact amdiabetesassn bottom line and other supposed diabetes non profi,66
1201051930652336129,"RT @istevejansen: 'Corridor' was composed for a gallery space in Canada where I had a small photo exhibit last year.

I hope you feel bette‚Ä¶",2019-12-01 08:14:29,istevejansen corridor was composed for a gallery space in canada where i had a small photo exhibit last year i hope you feel bette,66
1205586349862129676,The latest The DrillingMaps Daily! https://t.co/yXqTkazsaB Thanks to @MNAgEnergy @AlphWilliams @expoztruth #energy #pollution,2019-12-13 20:32:39,the latest the drillingmaps daily thanks to mnagenergy alphwilliams expoztruth energy pollution,66
1204125588522491909,"The sound of Doug Collins voice should be declared an illegal torture method, along with waterboarding, sleep depri‚Ä¶ https://t.co/XNhQMYanKX",2019-12-09 19:48:06,the sound of doug collins voice should be declared an illegal torture method along with waterboarding sleep depri,66
1204200824727060481,"@ImikSabi @ewarren Kentucky is mandating sexual assault of the patient with a vaginal probe.
It's disgusting in itself.",2019-12-10 00:47:04,imiksabi ewarren kentucky is mandating sexual assault of the patient with a vaginal probe it s disgusting in itself,66
1206409319186452481,RT @TedyBruschi: Just not surprised by awful officiating any more.  Numb to it.  Wait till a teams season is ended by it in the playoffs.‚Ä¶,2019-12-16 03:02:50,tedybruschi just not surprised by awful officiating any more numb to it wait till a teams season is ended by it in the playoffs,66
1207311397958406144,The latest https://t.co/2S8A0tRp1c.Daily from @carolharnett ! https://t.co/odFIaxT41Y Thanks to @fitaftercancer‚Ä¶ https://t.co/A3nQGuVZxW,2019-12-18 14:47:22,the latest from carolharnett thanks to fitaftercancer,67
1206586628359249920,The latest https://t.co/2S8A0tRp1c.Daily from @carolharnett ! https://t.co/JaTLV1ra2h Thanks to @Upwork #coding #js,2019-12-16 14:47:24,the latest from carolharnett thanks to upwork coding js,67
1201916265503371266,"RT @KrishnaswamyLab: Excited that PHATE, our dimensionality reduction and #dataviz method, is out today in @NatureBiotech! Congrats Kevin M‚Ä¶",2019-12-03 17:29:02,krishnaswamylab excited that phate our dimensionality reduction and dataviz method is out today in naturebiotech congrats kevin m,68
1211701997159747584,Shoutout to @elgatogaming for creating the Stream Deck. This thing is making stream production SO MUCH BETTER!,2019-12-30 17:34:03,shoutout to elgatogaming for creating the stream deck this thing is making stream production so much better,68
1133948812647575552,"RT @PrimeHealthCO: We would love to invite more startups to join us. Past winners include:
@RxRevu 
@CirrusMD 
@Redox 
@Epharmix 

#PHChall‚Ä¶",2019-05-30 04:10:39,primehealthco we would love to invite more startups to join us past winners include rxrevu cirrusmd redox epharmix phchall,68
1210591638021705728,The Problem with ‚ÄúSmart‚Äù New Years‚Äô Goals  and why long-term goals beat New Year's resolutions- Nautilus https://t.co/rVekObnke3,2019-12-27 16:01:52,the problem with smart new years goals and why longterm goals beat new year s resolutions nautilus,68
1207300448820039682,"Robert Langer has stepped down from Rubius' board, replaced by Anne Prener, former CEO of Freeline Therapeutics and‚Ä¶ https://t.co/JgGNSUq5mi",2019-12-18 14:03:52,robert langer has stepped down from rubius board replaced by anne prener former ceo of freeline therapeutics and,68
1202260160191909888,"VerifyTX - On Demand Instant Insurance Verification - 24/7/365
https://t.co/0Uh1ot6yY1",2019-12-04 16:15:33,verifytx on demand instant insurance verification,69
1207907238351966208,I would love to win https://t.co/u0YdQQ3YyV,2019-12-20 06:15:02,i would love to win,70
1206225752875814912,@MonicaNinoTV @KENS5 Congratulations!,2019-12-15 14:53:24,monicaninotv congratulations,71
1202632117479448576,YES a Good Catholic sharing Christian Fellowship very Positive for the Country https://t.co/IjrpMtAUBv,2019-12-05 16:53:35,yes a good catholic sharing christian fellowship very positive for the country,72
1207670338684903429,"RT @Alhamdhulillaah: You know you love someone, when you pray for them more than you pray for yourself.",2019-12-19 14:33:40,alhamdhulillaah you know you love someone when you pray for them more than you pray for yourself,73
1205292899258159104,"RT @Mimirocah1: Because, Joyce, Russia doesn‚Äôt have a corruption problem the way Ukraine does ü§£üôÑüò† https://t.co/JNENtiP24o",2019-12-13 01:06:35,because joyce russia does not have a corruption problem the way ukraine does,74
1210368599166246912,#Employers ‚Äì Considering adding a #wellness program to your company‚Äôs benefits offerings in the future? Check out t‚Ä¶ https://t.co/KNlHXaHnf6,2019-12-27 01:15:36,employers considering adding a wellness program to your company s benefits offerings in the future check out t,75
1207815671737995266,Huge shout out to @TSA officer at Cleveland airport. I knew the X-ray scanner was going to light up from my compres‚Ä¶ https://t.co/T1D7MTVVv4,2019-12-20 00:11:10,huge shout out to tsa officer at cleveland airport i knew the xray scanner was going to light up from my compres,76
1210339235087171584,Have a sparkling evening üéÑü•Ç‚ù§Ô∏è Champagne &amp; cannabis ‚ùáÔ∏è üí´ https://t.co/S1FuMf8f1Y,2019-12-26 23:18:55,have a sparkling evening champagne amp cannabis,77
1208586609219821568,Just Grace and mercy... All over her https://t.co/RuN1NXoiLW,2019-12-22 03:14:36,just grace and mercy all over her,78
1203010703533068288,Love to me looks like _________ *fill in the blank*,2019-12-06 17:57:57,love to me looks like fill in the blank,79
1204594392226500608,Boris Johnson said patients should be charged to use NHS services https://t.co/H6NkfoGcrm #VoteLabourDec12 #VoteNotTory #JC4PM,2019-12-11 02:50:58,boris johnson said patients should be charged to use nhs services votenottory,80
1206933839941160965,Jesus is the only way https://t.co/IAIG7dOvca,2019-12-17 13:47:05,jesus is the only way,81
1211171567905824768,"Bill Palmer üñãÔ∏è
https://t.co/UVKO3JtGAJ",2019-12-29 06:26:18,bill palmer,82
1211453933622829059,Duplicate any of these important traffic generation processes to attain endless potential customers to willingly ge‚Ä¶ https://t.co/9dRJNFN2gb,2019-12-30 01:08:20,duplicate any of these important traffic generation processes to attain endless potential customers to willingly ge,83
1208762566190784514,@curlyandelegant Miss Universe looks like actual royalty. Love that photo of her. So much class but so fierce‚ô•Ô∏è,2019-12-22 14:53:48,curlyandelegant miss universe looks like actual royalty love that photo of her so much class but so fierce,84
1042581691422924800,We‚Äôre giving @PillPack a try. Let‚Äôs see how this goes...,2018-09-20 01:10:20,we re giving pillpack a try let s see how this goes,85
1208777357319983104,"‚ÄúA reward is available for tips that result in arrests.

If you have any information in this case, call 812-837-953‚Ä¶ https://t.co/yR4RWHhEjE",2019-12-22 15:52:34,a reward is available for tips that result in arrests if you have any information in this case call,86
1203174338821799936,Walk off the ice with your face in your hands and never return. https://t.co/IH2rIJi6Ay,2019-12-07 04:48:10,walk off the ice with your face in your hands and never return,87
955217178029998082,@GoodRx @Walgreens There was no substitution. The coupon was for the same drug - the generic of a brand-name drug.‚Ä¶ https://t.co/acQixyysUq,2018-01-21 23:14:56,goodrx walgreens there was no substitution the coupon was for the same drug the generic of a brandname drug,88
1208403420316614656,"Love waking up early Saturday, realizing it's not a work day, then going back to sleep for a couple of hours. https://t.co/FSL30xe1vy",2019-12-21 15:06:41,love waking up early saturday realizing it s not a work day then going back to sleep for a couple of hours,89
1211394049636274178,The Decades Health Care Winners and Losers  https://t.co/ASEwT8mkxC,2019-12-29 21:10:22,the decades health care winners and losers,90
1203678951840739328,They didn't make this money by providing health care https://t.co/gFcMhPfTZm,2019-12-08 14:13:20,they did not make this money by providing health care,91
1209218831815757827,"RT @Phillip2020Vote: @SpeakerPelosi Nancy, 
Wait as long as it takes till the American people get to witness a fair trial.
We stand by your‚Ä¶",2019-12-23 21:06:50,speakerpelosi nancy wait as long as it takes till the american people get to witness a fair trial we stand by your,92
1205699943991779328,"Where I am right now.
Fucking HATE the ‚Äúholidays‚Äù...
ü§¨
#aggression #rage #pain #hate #holidays #insanity‚Ä¶ https://t.co/JCktdo8SVu",2019-12-14 04:04:02,where i am right now fucking hate the holidays aggression rage pain hate holidays insanity,93
1209500478087802880,The latest mHealth Advocate! https://t.co/psS1UFIrcP #mhealth #digitalhealth,2019-12-24 15:46:00,the latest mhealth advocate mhealth digitalhealth,94
1209189992423026689,Amy Grant Breath of Heaven (Mary's Song) - The Nativity Story https://t.co/xBZHPkK77D via @YouTube,2019-12-23 19:12:14,amy grant breath of heaven mary s song the nativity story via youtube,95
1207846217918615554,"RT @marthamaccallum: TONIGHT on #TheStory my EXCLUSIVE interview with AG Bill Barr on the Durham investigation, Comey, Guiliani, Impeachmen‚Ä¶",2019-12-20 02:12:33,marthamaccallum tonight on thestory my exclusive interview with ag bill barr on the durham investigation comey guiliani impeachmen,96
1202064948437954561,@inadarei @daniel_jacobson @BobBoilen @nprmusic Isn't that the truth!,2019-12-04 03:19:51,inadarei daniel_jacobson bobboilen nprmusic is not that the truth,96
1203035805654159365,"The latest ""Say What?!?!"" https://t.co/1WT3oL7oNy Thanks to @LaborforSPayer @Isarizona @Teamsters #climate #vancouver",2019-12-06 19:37:42,the latest say what thanks to laborforspayer isarizona teamsters climate vancouver,96
1203081541066330112,THANKS FOR THE INK @larsulrich @Metallica @Reagan_Airport #TheAirportHustle üõ©üõ©üõ© #KenCenHonors2019 https://t.co/4K3qWD1uKG,2019-12-06 22:39:26,thanks for the ink larsulrich metallica reagan_airport theairporthustle,96
1204184427263213569,"RT @WalshFreedom: I‚Äôd love to be on Fox News. I mean, I‚Äôm a Republican, challenging a sitting Republican President. You‚Äôd think Fox‚Äôs prima‚Ä¶",2019-12-09 23:41:54,walshfreedom i d love to be on fox news i mean i m a republican challenging a sitting republican president you d think fox s prima,96
1209001105893380096,"This makes sense to me, I love that song. Full circle to my vampire thing. https://t.co/R4Mh64OI7O",2019-12-23 06:41:40,this makes sense to me i love that song full circle to my vampire thing,97
1206561997548072962,FSUPD surprises heart transplant recipient with a birthday to remember  https://t.co/41LPJq3IzA,2019-12-16 13:09:31,fsupd surprises heart transplant recipient with a birthday to remember,98
1208084653325860864,Would any of these perks talk you into joining a team? https://t.co/UisAWhiBZV,2019-12-20 18:00:01,would any of these perks talk you into joining a team,99
1205948639107047427,RT @roper_93: Ohio lawmaker did not research whether or not reimplanting an ectopic pregnancy was possible before including it in the bill‚Ä¶,2019-12-14 20:32:15,ohio lawmaker did not research whether or not reimplanting an ectopic pregnancy was possible before including it in the bill,100
1205179844562022400,"There really is no debate. If you don't believe in fair elections and want to turn America into Russia, you'll go o‚Ä¶ https://t.co/Cx9Q7Z6Vbw",2019-12-12 17:37:20,there really is no debate if you do not believe in fair elections and want to turn america into russia you ll go o,101
1209712686784630784,RT @DannyStricklan7: Does anyone find it funny that the Democrats are calling for everyone to resign that is investigating the corruption i‚Ä¶,2019-12-25 05:49:14,does anyone find it funny that the democrats are calling for everyone to resign that is investigating the corruption i,101
1204077780490690560,"I'm not afraid to stand up to billionaires and corrupt politicians to fight for the big, structural change we need. https://t.co/ptl7TCtXAi",2019-12-09 16:38:08,i m not afraid to stand up to billionaires and corrupt politicians to fight for the big structural change we need,101
1202662477789421569,"RT @lenapple: @JoeBiden Not my first choice by a long shot, but I will vote for Joe Biden, I will campaign for Joe Biden, I will knock door‚Ä¶",2019-12-05 18:54:13,lenapple joebiden not my first choice by a long shot but i will vote for joe biden i will campaign for joe biden i will knock door,101
1202328320517369856,"RT @Phe800: At the pharmacy:
Multiple times a day I have patients leave empty handed after they are told the price of their drug. And these‚Ä¶",2019-12-04 20:46:24,at the pharmacy multiple times a day i have patients leave empty handed after they are told the price of their drug and these,102
1201889037029654528,"RT @WUCFTV: It‚Äôs #GivingTuesday, and thanks to our top-notch math skills, we know every gift adds up to making WUCF Central Florida's home‚Ä¶",2019-12-03 15:40:51,wucftv it s givingtuesday and thanks to our topnotch math skills we know every gift adds up to making wucf central florida s home,103
1202001983294578688,Give the gift of reading and comprehension. Help give someone a future! #GivingTuesday #lindamoodbell‚Ä¶ https://t.co/8voKet6H7U,2019-12-03 23:09:39,give the gift of reading and comprehension help give someone a future givingtuesday lindamoodbell,103
1201599460482134016,Pack up the family for the ultimate #Christmas experience at these cut-your-own Christmas tree farms near‚Ä¶ https://t.co/m2TuWdyvgn,2019-12-02 20:30:10,pack up the family for the ultimate christmas experience at these cutyourown christmas tree farms near,103
1209648453350899714,RT @Franklin_Graham: God‚Äôs gift for everyone‚Äîthe Good News of Christmas!! @FoxNews @FoxFriendsFirst https://t.co/HTpCVH3sCr,2019-12-25 01:34:00,franklin_graham god s gift for everyonethe good news of christmas foxnews foxfriendsfirst,103
1211043118478290944,"@BernieSanders Come #FeelTheBern with us people! It ignites hope and renews both body and soul.
üî•üî•üî•üßô‚Äç‚ôÇÔ∏èüî•üî•üî•",2019-12-28 21:55:54,berniesanders come feelthebern with us people it ignites hope and renews both body and soul,103
707325037318025217,Fever? Sweating? Congestion? All symptoms of overpaying for your prescription drugs. #BlinkHealth can help https://t.co/CSt0o8Vrcb,2016-03-08 22:00:05,fever sweating congestion all symptoms of overpaying for your prescription drugs blinkhealth can help,104
835240205464530946,RT @Bleulake85: @Bleulake85 @blinkhealth Try Blink for your prescriptions.  You probably won't go back to those $45.00 copays for generics‚Ä¶,2017-02-24 21:29:17,blinkhealth try blink for your prescriptions you probably wo not go back to those copays for generics,104
1207897100974845954,"RT @gatorfun1: LIARüëâPelosi Falsely Claims Impeachment Received Bipartisan Support, 0 votes from conservatives 

@GOP @LindseyGrahamSC @Real‚Ä¶",2019-12-20 05:34:45,liarpelosi falsely claims impeachment received bipartisan support votes from conservatives gop lindseygrahamsc real,105
1206198463043641344,We need to help keep these parents in Southern FL w/Daughter whose been in induced coma/vent.Not much improvement b‚Ä¶ https://t.co/5KFLBPmxpr,2019-12-15 13:04:58,we need to help keep these parents in southern fl wdaughter whose been in induced comavent.not much improvement b,106
1205632242195800064,"Experts say to shovel snow only if you're physically fit enough to do so, and don't forget to stretch beforehand an‚Ä¶ https://t.co/5wfHZoVq30",2019-12-13 23:35:00,experts say to shovel snow only if you re physically fit enough to do so and do not forget to stretch beforehand an,107
1100476066349514752,@NAU_us @mattdfisk Glad to hear your pharmacy recommended shopping around for lower prices!,2019-02-26 19:21:54,nau_us mattdfisk glad to hear your pharmacy recommended shopping around for lower prices,108
1208093786049564672,@Smashbox No #BlackFriday discount is worth the hellish online shopping experience you subject your customers to. R‚Ä¶ https://t.co/YevZlHv3CD,2019-12-20 18:36:18,smashbox no blackfriday discount is worth the hellish online shopping experience you subject your customers to r,108
1203793030278463489,"Apt reply for any Tories canvassing you on health matters. üòÇüòÇüòÇ

#MagicNurseTree https://t.co/GMhHrR9Hhg",2019-12-08 21:46:38,apt reply for any tories canvassing you on health matters magicnursetree,108
1022610323189059590,"Hey @GoodRx, do you have a partnership with QuickCare pharmacy?",2018-07-26 22:31:14,hey goodrx do you have a partnership with quickcare pharmacy,108
1209597507614978048,"Unwanted fat is definitely unhealthy in support of our physical shape, some of the worries revealed on this  online‚Ä¶ https://t.co/GniErQcvB0",2019-12-24 22:11:33,unwanted fat is definitely unhealthy in support of our physical shape some of the worries revealed on this online,109
1202068235769634816,"You'd think if you were trying to bust myths about #MedicinalCannabis, you would avoid taglines that include the wo‚Ä¶ https://t.co/B2Hmv9qsD1",2019-12-04 03:32:55,you d think if you were trying to bust myths about medicinalcannabis you would avoid taglines that include the wo,110
1204492303706013697,Could the makeup inside your bag be putting your health at risk?  Check out this article to find out why cleaning y‚Ä¶ https://t.co/kFZBj4sxv6,2019-12-10 20:05:18,could the makeup inside your bag be putting your health at risk check out this article to find out why cleaning y,110
1205495423470899201,"The lengths PE would go to protect its privacy: ""If anyone at Cerberus has his picture in the paper and a picture o‚Ä¶ https://t.co/Vbzg4SF57w",2019-12-13 14:31:20,the lengths pe would go to protect its privacy if anyone at cerberus has his picture in the paper and a picture o,110
989232740896788480,You'd be surprised how many things you can treat with telemedicine now https://t.co/ZEtvTrMGh9,2018-04-25 20:00:39,you d be surprised how many things you can treat with telemedicine now,110
1096586214226968576,Not all NSAIDs are created equal. Here's how two popular NSAIDs compare in terms of risks and effectiveness. https://t.co/V4VhB3hEz8,2019-02-16 01:45:01,not all nsaids are created equal here s how two popular nsaids compare in terms of risks and effectiveness,111
1201545410545963008,Venezuela: U.S. National Security and the Threats of Russia and China  https://t.co/Rht8JjCaPz,2019-12-02 16:55:24,venezuela u.s. national security and the threats of russia and china,112
1203720108251717632,"RT @gabsmashh: T-MINUS 10 MINUTES! listen to me answer the weird questions people keep sending me. and drink beer. 
https://t.co/QMPhMx6tFA",2019-12-08 16:56:52,gabsmashh tminus minutes listen to me answer the weird questions people keep sending me and drink beer,113
1206707187701043200,"RT @RichardEGrant: Took inspiration from the late, great Peter Cushing in @starwars A NEW HOPE to play Allegiant General Pryde in #RiseofSk‚Ä¶",2019-12-16 22:46:27,richardegrant took inspiration from the late great peter cushing in starwars a new hope to play allegiant general pryde in riseofsk,114
1211249067176660994,"RT @bluelivesmtr: Hero Down: CPD Sergeant Joseph 'Joe' Montijo Dies From Heat Stroke Complications

Follow @bluelivesmtr
#BlueLivesMatter #‚Ä¶",2019-12-29 11:34:16,bluelivesmtr hero down cpd sergeant joseph joe montijo dies from heat stroke complications follow bluelivesmtr bluelivesmatter,114
1205588260183040001,@Fallabel What‚Äôs dental insurance? That‚Äôs amazing,2019-12-13 20:40:14,fallabel what s dental insurance that s amazing,115
997575985364021248,@CarolineBarlow @Walgreens @Walgreens Teamwork makes the dream work üòä,2018-05-18 20:33:43,carolinebarlow walgreens walgreens teamwork makes the dream work,116
1201548272759787521,@kcranews Don't give the pricks the satisfaction.,2019-12-02 17:06:46,kcranews do not give the pricks the satisfaction,117
1209154922970787843,"@Tmcguire_pa As much as you care to bare?!?  ü§ó 
G'head!",2019-12-23 16:52:53,tmcguire_pa as much as you care to bare ghead,118
1210810989785968640,"The  globalists like NBC, Teen Magazine, etc. pushes prostitution, etc. because people who's  lives  are in chaos a‚Ä¶ https://t.co/l9kN1TtJ6e",2019-12-28 06:33:30,the globalists like nbc teen magazine etc pushes prostitution etc because people who s lives are in chaos a,119
1204355102368239616,"‚ÄúIf we learned anything from 2013, it‚Äôs that eventually, everything leaks.‚Äù

Then why don‚Äôt we care more about our‚Ä¶ https://t.co/iLTdVBwyWy",2019-12-10 11:00:06,if we learned anything from it s that eventually everything leaks then why do not we care more about our,120
719878460961857536,@johnbrownstein Thank you for your support.  We are doing everything we can-- Stay tuned!,2016-04-12 13:22:54,johnbrownstein thank you for your support we are doing everything we can stay tuned,121
1126137139287207937,@JuliusGivens Thanks for your kind words @JuliusGivens! We've taken them to heart and will continue to do everythin‚Ä¶ https://t.co/v2LACqhago,2019-05-08 14:49:51,juliusgivens thanks for your kind words juliusgivens we ve taken them to heart and will continue to do everythin,121
1205884760058454021,Please keep fighting. There is so much quiet support for you. https://t.co/F6qF1WK2TL,2019-12-14 16:18:25,please keep fighting there is so much quiet support for you,121
1206949179488186370,6 Tips to Minimize the Damage of a #Cyberattack --&gt; https://t.co/RCTbEzzazf @ChannelProSMB #cybersecurity https://t.co/7ral1hni44,2019-12-17 14:48:03,tips to minimize the damage of a cyberattack gt channelprosmb cybersecurity,122
1210956256476909568,RT @bebe1969: Bill Barr scares me. Who scares you beside the Orange Buffoon?,2019-12-28 16:10:44,bill barr scares me who scares you beside the orange buffoon,123
1204402438335336448,"I hope I can get @insp_tv on @PrimeVideo when I dump
@Xfinity",2019-12-10 14:08:12,i hope i can get insp_tv on primevideo when i dump xfinity,124
1202044061072445441,My inhaler with insurance? $75. My EpiPens with insurance? $250. Depression screening where they legit ask if I wan‚Ä¶ https://t.co/vd1yigTGW7,2019-12-04 01:56:51,my inhaler with insurance my epipens with insurance depression screening where they legit ask if i wan,125
1201549379817086978,"RT @Well_Regulated_: 20 members of our well regulated militia gather to hunt for pheasants. A few of them open fire on a pheasant while ""re‚Ä¶",2019-12-02 17:11:10,well_regulated_ members of our well regulated militia gather to hunt for pheasants a few of them open fire on a pheasant while re,126
1200964349940183040,RT @LordFenrir: D&amp;D with the Drunk Badger Crew was awesome!  Can't wait til next session!  Thanks @AhnaHyouki @BongoLaserworks @Kbooki @Min‚Ä¶,2019-12-01 02:26:28,lordfenrir d ampd with the drunk badger crew was awesome ca not wait til next session thanks ahnahyouki bongolaserworks kbooki min,127
1200974003420254208,"RT @kkwhbs: It could be these Frescas aka Bud Light Limes talking but, these camera angles on the OU / Okie state game ..... thanks @CFBONF‚Ä¶",2019-12-01 03:04:50,kkwhbs it could be these frescas aka bud light limes talking but these camera angles on the ou okie state game thanks cfbonf,127
1207020338409885696,@Kbooki @PandezPanda @Firr XD Well thank god for that.,2019-12-17 19:30:48,kbooki pandezpanda firr xd well thank god for that,127
1205873704686764035,RT @hotwifesubs: RT &amp; Comment if you love a hot sexy wife? @Ass_offical @FeelingHorny85 @Halfamarsbar @Love_2lick @llyly31 @perpetuallyhorn‚Ä¶,2019-12-14 15:34:29,hotwifesubs amp comment if you love a hot sexy wife ass_offical halfamarsbar perpetuallyhorn,127
1204874617657143302,Insurance coverage for felony rape is actually a thing? https://t.co/k78PNFx8eV,2019-12-11 21:24:28,insurance coverage for felony rape is actually a thing,128
1203855593544531968,"The #eagles landed in our neighborhood today. #American Bald Eagle üá∫üá∏, majestic, loyal beauty. https://t.co/zb9b0VYz60",2019-12-09 01:55:14,the eagles landed in our neighborhood today american bald eagle majestic loyal beauty,129
1207093126852157440,"RT @ProFootballTalk: Half-hearted weekend vote of confidence notwithstanding, the Browns could be headed for a coaching change https://t.co‚Ä¶",2019-12-18 00:20:02,profootballtalk halfhearted weekend vote of confidence notwithstanding the browns could be headed for a coaching change,130
1202296266283266048,"@Simone_Biles @CLcecile Yes, no doubt Simone, assuming they yours so thank y'all for training the best.. &amp; God bless you.",2019-12-04 18:39:02,simone_biles clcecile yes no doubt simone assuming they yours so thank yall for training the best amp god bless you,131
1210577952947286018,"RT Well_Regulated_ #NRA ""TheScottCharles Aww! Hope she‚Äôs doing well.""",2019-12-27 15:07:30,well_regulated_ nra thescottcharles aww hope she s doing well,131
1211210280606294016,These biomedical breakthroughs of the decade saved lives and reduced suffering https://t.co/3RtEeEpG2h #HealthTech https://t.co/t2EvX1sXao,2019-12-29 09:00:08,these biomedical breakthroughs of the decade saved lives and reduced suffering healthtech,132
1202335927332474882,@RFentonMD @WOMENHealthAlly Congrats!,2019-12-04 21:16:38,rfentonmd womenhealthally congrats,133
1210713714032287746,"""Don't Tell Me We Can't Afford Medicare for All,"" Says Sanders, After NYT Details Insanely Higher Costs of US Healt‚Ä¶ https://t.co/Xl3K9AtLDd",2019-12-28 00:06:58,do not tell me we ca not afford medicare for all says sanders after nyt details insanely higher costs of us healt,134
1208431102018244608,"RT @IlhanMN: We‚Äôre going to guarantee healthcare with #MedicareForAll.

We‚Äôre going to enact a #GreenNewDeal to protect our planet.

We‚Äôre‚Ä¶",2019-12-21 16:56:40,ilhanmn we re going to guarantee healthcare with medicareforall we re going to enact a greennewdeal to protect our planet we re,134
1209909426016149504,"RT @HonorDecency: @mkraju No thanks, would-be 'Dear Leader.'  We will not follow the path you have set for us. Those pretty words are fake‚Ä¶",2019-12-25 18:51:00,honordecency mkraju no thanks wouldbe dear leader we will not follow the path you have set for us those pretty words are fake,134
1201610977688424448,"@nytimes The inquiry was a sham, of lined up, witnesses who came up with nothing. Keep pushing the shame. NYT, sucks.",2019-12-02 21:15:56,nytimes the inquiry was a sham of lined up witnesses who came up with nothing keep pushing the shame nyt sucks,134
1203351453248741376,Adult life is finally ordering blackout curtains &amp; being super excited for them because it‚Äôll up your daytime sleep game after night shifts.,2019-12-07 16:31:58,adult life is finally ordering blackout curtains amp being super excited for them because it ll up your daytime sleep game after night shifts,134
1206018867585277952,"Dream Big! Oprah Winfrey, ""The biggest adventure you can take is to ..."" #Quote https://t.co/fW83YuNtr0",2019-12-15 01:11:19,dream big oprah winfrey the biggest adventure you can take is to quote,135
1033021563854094336,".@PillPack  used to be so awesome to work with. Over the last year or so, they have grown to become the worst. I ha‚Ä¶ https://t.co/PGuO87iyxp",2018-08-24 16:01:48,used to be so awesome to work with over the last year or so they have grown to become the worst i ha,136
1207684581236838400,@SeemaCMS pbm transparency? of course not.,2019-12-19 15:30:16,seemacms pbm transparency of course not,137
1206487365411360768,"RT @jenheemstra: No matter where someone is in their career, almost everyone feels like they haven‚Äôt made it yet and there are big goals th‚Ä¶",2019-12-16 08:12:58,jenheemstra no matter where someone is in their career almost everyone feels like they have not made it yet and there are big goals th,138
1207619684327206912,"All this will be because the mercy of our God is very tender, and heaven‚Äôs dawn is about to break upon us,

Luke 1:76-78 (TLB)",2019-12-19 11:12:23,all this will be because the mercy of our god is very tender and heaven s dawn is about to break upon us luke tlb,139
1204494766102261772,Move More. Thank you @ouraring #fitness #performance #build #data https://t.co/wYOslq5RV8,2019-12-10 20:15:05,move more thank you ouraring fitness performance build data,140
1202343098669551616,"Drugstore trips to Canada aren't happening as much as they used to in Michigan, since buying medication there is be‚Ä¶ https://t.co/g5ajMmaT06",2019-12-04 21:45:07,drugstore trips to canada are not happening as much as they used to in michigan since buying medication there is be,141
1207789704487329792,@RexByner @DrVanHelsingPhD @stweetleigh @MPFIED @eloiseat6 @marcellalaluna @CuntyLiberal @KayKai_LaGhost @DeniseInNC LOVE this !!!,2019-12-19 22:27:59,rexbyner drvanhelsingphd stweetleigh mpfied marcellalaluna cuntyliberal kaykai_laghost deniseinnc love this,142
1205847603797266433,RT @ZaynaKhayat: @nickdawson @lucienengelen started a Pinterest board where we curate examples of citizens hacking their health tools https‚Ä¶,2019-12-14 13:50:46,zaynakhayat nickdawson lucienengelen started a pinterest board where we curate examples of citizens hacking their health tools https,143
1207290184238272512,Bravo @NoamLevey! His story tells how one union saved an enormous amount of money by refusing to use hospitals that‚Ä¶ https://t.co/29HwKDuIGT,2019-12-18 13:23:04,bravo noamlevey his story tells how one union saved an enormous amount of money by refusing to use hospitals that,143
1202502389363826689,The latest Mindless Chatter is out @ https://t.co/HzFVtHM32J Thanks to @mkink @AppMtnClub @kamilumin #demcast #ericfoner,2019-12-05 08:18:05,the latest mindless chatter is out thanks to mkink appmtnclub kamilumin demcast ericfoner,143
1202423710675820544,RT @lizthegrey: Right before me is @caseyrosenthal on Chaos Engineering and Continuous Verification! #YOW19,2019-12-05 03:05:27,lizthegrey right before me is caseyrosenthal on chaos engineering and continuous verification,143
1201497630330650624,"Little Fires Everywhere by Celeste Ng
Sex Object by Jessica Valenti
Severance by Ling Ma
Lab Girl by Hope Jahren
Gr‚Ä¶ https://t.co/Da3h0AyPlK",2019-12-02 13:45:32,little fires everywhere by celeste ng sex object by jessica valenti severance by ling ma lab girl by hope jahren gr,143
1202718266361139200,"When I asked $BIIB for comment on this, a co spokesperson said that audience members submitted questions online and‚Ä¶ https://t.co/4dHSDvN1Er",2019-12-05 22:35:54,when i asked biib for comment on this a co spokesperson said that audience members submitted questions online and,143
1210681877184602112,"Profitability (or lack of) is constantly a concern with mobile-era marketplaces like DoorDash and Instacart, but ma‚Ä¶ https://t.co/NqbN8BrPwE",2019-12-27 22:00:27,profitability or lack of is constantly a concern with mobileera marketplaces like doordash and instacart but ma,143
1207341965462913024,But there is proof @BernieSanders protested against segregation and that @JoeBiden worked with segregationists.‚Ä¶ https://t.co/IlqZu8zfHO,2019-12-18 16:48:50,but there is proof berniesanders protested against segregation and that joebiden worked with segregationists,143
1204282318447370240,RT @RWPUSA: Bill Barr would like to argue about religion ‚Äî which should be entirely separate from our government ‚Äî instead of comply with H‚Ä¶,2019-12-10 06:10:53,rwpusa bill barr would like to argue about religion which should be entirely separate from our government instead of comply with h,144
1202272398029901824,Thank God üôèüôèüôè https://t.co/BNjzCcX7yZ,2019-12-04 17:04:11,thank god,145
1204566530534584321,"üîÅ#NewMexico CD2 #Election2020-Nov-3

Support XOCHITL TORRES SMALL #NM02,&amp; @DemsWork4USA
üëâhttps://t.co/YHS3oiXCmH

R‚Ä¶ https://t.co/yLfykH3SkE",2019-12-11 01:00:15,newmexico support xochitl torres small amp r,146
1202331561594621954,ANOTHER CLOWN TAKING CHEAP SHOTS AT OUR PRESIDENT WHEN HE CANNOT EVEN TAKE CARE OF HIS OWN COUNTRY https://t.co/8hyuiMZadP,2019-12-04 20:59:17,another clown taking cheap shots at our president when he can not even take care of his own country,147
1211103265791889410,"RT @confusedophan: fun fact: microwaves are actually what happens inside of the machine that heats your food, the machine itself is called‚Ä¶",2019-12-29 01:54:54,confusedophan fun fact microwaves are actually what happens inside of the machine that heats your food the machine itself is called,148
1207642039338381314,"#Xeljanz XR for once-daily treatment in ulcerative colitis, and #Xtandi for advanced prostate #cancer cross the‚Ä¶ https://t.co/EIdVnNkMAl",2019-12-19 12:41:13,xeljanz xr for oncedaily treatment in ulcerative colitis and xtandi for advanced prostate cancer cross the,149
