text,paragraph
"As pharmacy benefit managers have come under scrutiny for their role in high drug prices, the industry is ripe for disruption by policymakers and new competitors.","Maintaining ongoing prescription medication without a healthcare plan would be expensive.. [BRAND] is striving to build an America that is both healthier and more prosperous.. Optimal health enables us to enjoy life to the fullest and tackle life's challenges.. [BRAND] assists patients and employees in saving significant amounts while maintaining good health.. In the face of escalating prescription prices and the prevalence of high deductible health plans and copays, [BRAND] can assist anyone."
"I have type 1 diabetes the worse for. I need nova-log insulin. I also had a birthday april 12th and landed in the dr for panic attacks and high blood sugar ,2 dTa after. I then lost my job fir nit being able yo work on the day i was in the er. Any thing would help","To maximize the benefits of medications, it's essential to follow the doctor's instructions precisely.. Maintaining ongoing prescription medication without a healthcare plan would be expensive.. True wealth is health, and prioritizing it is vital for a prosperous life.. [BRAND] has secured discounts on prescriptions, saving you extra money.. Taking medications at the correct time is crucial not only for financial reasons but also for health and well-being."
Insulin costs people with Type 1 diabetes up to $2000 per month in the US. Some ration it because they can't afford this high cost yet they also need it to live. We pay $5 for 3 months here in NZ thanks to Pharmac/Government funding.,"Optimal health enables us to enjoy life to the fullest and tackle life's challenges.. Maintaining ongoing prescription medication without a healthcare plan would be expensive.. To maximize the benefits of medications, it's essential to follow the doctor's instructions precisely.. [BRAND] has secured discounts on prescriptions, saving you extra money.. Insurance companies have shifted 25-80% more of the drug cost burden onto patients in the past decade."
Insulin is something a diabetic can't live without. Making it affordable for everyone that needs it to survive isn't even a discussion in normal times. Why should pharmaceuticals be out of reach to the general public. Price gouging is unacceptable.,"Optimal health enables us to enjoy life to the fullest and tackle life's challenges.. Insurance companies have shifted 25-80% more of the drug cost burden onto patients in the past decade.. [BRAND] is striving to build an America that is both healthier and more prosperous.. True wealth is health, and prioritizing it is vital for a prosperous life.. Even with insurance, prescription drug prices can surpass expectations."
"Insulin is a natural hormone produced in the pancreas. Too much sugar inhibits the pancreatic production of insulin  which results in high blood sugar in humans. Ergo, diabetics require synthetic insulin otherwise they would die. The killer here is sugar, not insulin.","True wealth is health, and prioritizing it is vital for a prosperous life.. Proper medication adherence is crucial for controlling chronic conditions, addressing temporary ailments, and ensuring overall long-term health and well-being.. Pharmacies across the street from each other may have prescription costs differing by over $100.. Both exercise and nutrition significantly impact the body's fat storage.. Taking medications at the correct time is crucial not only for financial reasons but also for health and well-being."
If you are a senior citizen living on a fixed income your insulin is no longer affordable. So tell me again how tax cuts serve people!,"Maintaining ongoing prescription medication without a healthcare plan would be expensive.. For everyone, good health is undoubtedly the most crucial aspect.. Even with insurance, prescription drug prices can surpass expectations.. To maximize the benefits of medications, it's essential to follow the doctor's instructions precisely.. [BRAND] assists patients and employees in saving significant amounts while maintaining good health."
"The following information has negative implications beyond the surface. Faced with high drug prices, seniors are abandoning cancer drugs at the pharmacy","Regular medication is necessary for managing chronic conditions.. [BRAND] can assist you in reducing your expenses below the regular cash price when purchasing prescription medications.. With [BRAND], you can cut costs on prescriptions without additional charges.. Optimal health enables us to enjoy life to the fullest and tackle life's challenges.. [BRAND] assists patients and employees in saving significant amounts while maintaining good health."
Why don't you shut your mouth you hypocrite. You had a chance to vote against price gouging you didn't and where is my $35 cap on insulin That's why they call you RepubliPukes,"The well-being of our loved ones brings us the greatest happiness.. For everyone, good health is undoubtedly the most crucial aspect.. With [BRAND], you can cut costs on prescriptions without additional charges.. To maximize the benefits of medications, it's essential to follow the doctor's instructions precisely.. [BRAND] assists patients and employees in saving significant amounts while maintaining good health."
"$500, HOLY Moly, that's just plain wrong. I have three different types of insulin pens, a few shots per day, cost to me, zero. Shocking price you all have to pay to satisfy shareholders.","Optimal health enables us to enjoy life to the fullest and tackle life's challenges.. With [BRAND], you can cut costs on prescriptions without additional charges.. For everyone, good health is undoubtedly the most crucial aspect.. With [BRAND], you have the capability to retrieve the most substantial discount currently offered.. To maximize the benefits of medications, it's essential to follow the doctor's instructions precisely."
Who is to blame for high #insulin prices in the USA? Big #Pharma? Not them. Try health insurers and evil Pharmacy Benefit Managers.,"Maintaining ongoing prescription medication without a healthcare plan would be expensive.. Even with insurance, prescription drug prices can surpass expectations.. Locate the most competitively priced medications in your vicinity using [BRAND]'s mobile app.. [BRAND] is striving to build an America that is both healthier and more prosperous.. True wealth is health, and prioritizing it is vital for a prosperous life."
"I have a former high school classmate who, like me, had type 1 diabetes. He died from an untreated low blood sugar episode. I don't need a lot of insulin, but I still need it...","To maximize the benefits of medications, it's essential to follow the doctor's instructions precisely.. Maintaining ongoing prescription medication without a healthcare plan would be expensive.. Maintaining a healthy body requires effort, but it is not an overly challenging task.. Even with insurance, prescription drug prices can surpass expectations.. Taking medications at the correct time is crucial not only for financial reasons but also for health and well-being."
"Forgot to take my meds this morning. Pulled out my pill organizer, opened it, left it on bed without taking pills. Good job. My blood sugar is probably unacceptably high","The innovative solutions offered by [BRAND] will bring you joy.. Regular medication is necessary for managing chronic conditions.. [BRAND] assists patients and employees in saving significant amounts while maintaining good health.. In the face of escalating prescription prices and the prevalence of high deductible health plans and copays, [BRAND] can assist anyone.. With [BRAND], you can cut costs on prescriptions without additional charges."
"Hey how much money do you think they make by selling insulin every month to the 5% of the population that needs it to not die, vs how much BIG PHARMA makes on trans people who cannot access the health care in the first place?","Locate the most competitively priced medications in your vicinity using [BRAND]'s mobile app.. Maintaining ongoing prescription medication without a healthcare plan would be expensive.. [BRAND] has secured discounts on prescriptions, saving you extra money.. True wealth is health, and prioritizing it is vital for a prosperous life.. To maximize the benefits of medications, it's essential to follow the doctor's instructions precisely."
Has anyone successful tried and had a breakthrough using intermittent fasting ? Have been using it to control my type 2 diabetes and my blood sugar is now much more manageable in the 6s. Hoping my BP also improves,"To maximize the benefits of medications, it's essential to follow the doctor's instructions precisely.. [BRAND] assists patients and employees in saving significant amounts while maintaining good health.. In the face of escalating prescription prices and the prevalence of high deductible health plans and copays, [BRAND] can assist anyone.. With [BRAND], you can cut costs on prescriptions without additional charges.. Maintaining a healthy body requires effort, but it is not an overly challenging task."
So today I may have accidentally forgot that I had already taken my Metformin when I took it so I get to spend the rest of the day wondering if my blood sugar is going to suddenly dive without warning.,"Even with insurance, prescription drug prices can surpass expectations.. [BRAND] assists patients and employees in saving significant amounts while maintaining good health.. Caring for ourselves and our loved ones is of utmost importance.. For everyone, good health is undoubtedly the most crucial aspect.. Regular medication is necessary for managing chronic conditions."
