content,postid
Does anyone have a suggestion for a lotion for rough skin that doesn't have coconut in it?,661675541006304
"Input plz , I'm T2 with controlled sugars ..... So this started out as a light red itchy spot (thought bug bite perhaps, but itchy stopped Saturday) on Friday last week and by Sunday it turned into this !! Has there been anyone else that this had happen to?",619232731917252
So my little type one hero is in dka.. we have been though this before but we always knew the reason like she had strep or something. They have run every lab they can think of. I have never experienced it where they can‚Äôt find the cause tell now.. her bg has not gone above 210... but she started vomiting at school with high ketones out of no where. Is this normal? She has had diabetes for 6 years and I am lost.,495650974275429
Hello!!  Any suggestions to help with dawn phenomenon?  I am on 1500 mg metformin right before I go to bed.  Lowest I've been able to get my BS is in the 140s.  Also has anyone had to cut out breads all together......even whole wheat in order to keep BS in normal range?  Thanks!!,269685713538624
If I would have known my life was going to be an ongoing experiment  I would have paid better attention in  chemistry/Science  ClassesIf I would have known my life was going to be an ongoing experiment  I would have paid better attention in  chemistry/Science  Classes,501013143739212
Are frozen fruits and veggies in a smoothie ok for diabetics,400118060495388
Has anyone had gastritis?,792022097971647
Ok so I got a new meter today tested on my left hand 189 and my right hand 166...this is after I finished eating. Has anyone experienced this?,785847241922466
"I was sick this week for the first time since I was diagnosed as T2 in December. I was nauseous and couldn‚Äôt force myself to eat solid food for 3-4 days. Obviously, my numbers were very low for me, dropping to the 50s and 60s overnight. How could I have handled this better?",565144087326117
Been fighting a cold. Now the doctor put me on prednisone for 5 days. Yuck! I know my sugars will rise now....Been fighting a cold. Now the doctor put me on prednisone for 5 days. Yuck! I know my sugars will rise now....,302677860239409
It‚Äôs Try Something New Sunday! Remember Disney Pixar's Ratatouille? Why not make yourself the real deal!?  http://www.diabeticlivingonline.com/diabetic-recipes/popular/myplate-inspired-comfort-food-made-light?page=6,10154928072275373
Hmmm,365119427328585
Looking to kick a bad habit for good? Read this!,2239052203063097
Has anyone tried the CHIA SEED DRINK to lose weight?? Does it work??Has anyone tried the CHIA SEED DRINK to lose weight?? Does it work??,569961380177721
"So I‚Äôll be seeing a new endocrinologist starting next February...I‚Äôm excited but nervous. I had a horrible experience with the first one back in 2018, I‚Äôm scared it‚Äôll end up being the same result. Can anyone give me any advice?",742459279594596
"Any crafty folk hanging around? I am looking forward to my fingers healing from my stay in the hospital so that I can resume knitting & crocheting without pain. ‚ô° (Crocheted this set as a baby gift for someone, and used the bear as a model for it.)",282040092303186
"Use the links and the menu on the left of the page, this is a nice resource of information that is accurate. ",1450651818391358
Is a blood sugar of 9.0 normal for a type 2 diabetic in morning b4 have g ate anythin??Is a blood sugar of 9.0 normal for a type 2 diabetic in morning b4 have g ate anythin??,502449356928924
"Dear Facebook Members/Group Members,  Kindly note the ""Heal The World"" International event plan for the year 2018. We are looking for international business partners to promote our business in below countries/region ( shown in enclosed slide).  We already have few partners in many overseas countries who wanted or agreed to promote our business.  To create awareness of ancient healing techniques, we might need to set up ""Training Centers"" before we set up ""Healing Centers"" in your country.  We are in the process of talking to few of our international partners in setting up our franchise training centers.  Anyone in my network interested to invest small capital and gain decent profit and take back your return on investment within 4 to 6 months, you can contact us by sending your query to contact@healtheworld.in  For investors and patients, we will be conducting free 1 day workshop in your countries which will be organized by our overseas partners in their respective countries. Visit us www.healtheworld.in to understand more about ancient powerful healing techniques and watch out our testimonials.  Thanking you for your time to read my above note. Vivek Kamath CEO - Heal The World (A fast growing health care firm to heal any diseases without any medicines)  Visit our website www.healtheworld.in to understand more about ancient powerful healing techniques and our healing testimonials.",1247323562033951
Anyone have recommendations on what to take for the flu. I have type 2.,505549739952219
Constantly getting yeast infections since I've been diabetic. Doctor says its related. Anyone else? What do you do? I hate it. Sorry if this is an uncomfortable subject,596662877507571
"My favorite comfort food has always been mac an cheese and clearly that's literally off the table now lol But I still crave it, so lately I've been making a lot of cream-based cheesy vegetable soups. I'm thinking it was probably the hot cheese I liked all along, and that the pasta was optional, because it's working just as well craving-wise with broccoli or butternut squash :)",311187389388456
"Does anybody know how many minutes after I workout I should check my blood sugars? **Edit** Just coming back from my doc apt. She said d ont test right after because you will be very high,  unless you feel low and shakey. Keep testing 2 hours after meals",311673709339824
After dinner blood sugar. I'm getting there.,311000626073799
# Diabetes Home Remedies Ragi: Finger millet is especially valuable as it contains the amino acid methionine. Very few animal data is available regarding its use in diabetes. No clinical data is available in terms of use in diabetes in humans.,1313687672087774
Been getting headaches and not feeling well past week... had one spell I felt I was gonna pass out... but when I check my sugars they are 130-140 range... Any advice,449537902220070
Hello everyone! My name is Dominik Wiesniewski. I have been a Type One Diabetic for eight and a half years now. Over this time period I have struggled and battled this disease as well as many others. I have been shot down and been told there are many things I cannot do because of my diabetes. That was until I found music. It has helped me cope with my diabetes tremendously. Recently I have entered into a competition against many other talented musicians. I am currently in the second round trying to make it to the third and final round. For me to get there I have to get as many likes on the video in the link below. All I ask is if you could all take a couple seconds to like the video and help push me to the final round to show people around me how diabetes cannot stop me from accomplishing my goals!! If you could please CLICK on the VIDEO and LIKE it that will count as a VOTE!! Thank you everyone!! https://m.facebook.com/story.php?story_fbid=1987861474581518&id=567179826649697&refsrc=http%3A%2F%2Finstagram.com%2F&_rdr,412374172603110
'll L,263600167480512
Go try boost glucose. Hunger control for a breakfast or lunch supplement then take bs hour after and see what bs is iv tried everthing,306733403167188
"Good news for Job seekers in India. We have below positions opened up in our organization. Heal The World a start up health care organization is looking for a dynamic, energetic, enthusiastic, self-confident, self-starter to join immediately. These are all freelancing Jobs. These are not salaried jobs. But, you will get paid more than salaried professionals.  Please read the below note carefully.  1. Do not click ‚Äúlike‚Äù button or insert you comments in the comment box.  2. If you are seriously interested in the below jobs please visit our website www.healtheworld.net.in and understand our business.  3. We would like all the candidates to send us one page cover letter documenting how you can help our organization with your skills and providing us 2 pages of your profile highlighting your relevant experience in your profile. Only serious candidates need to apply. Please send your profile to contact@healtheworld.in Trust me, if you have a great appetite to succeed in life, you can be with us for a longer time and you will not leave us. Do not look for these opportunities as a short term gain or temporary arrangement.  1. Reiki Healer (1 vacancy) ‚Äì Level 3 or Master Degree Certification and healing experience required. Must have distant healing experience.  2. Mexican Healing Healer (2 Vacancies)‚Äì Experienced healer and also have experience in giving attunement 3. Past Life Regression Therapy Expert (2 vacancies).  Minimum 3 years of experience required.   4. Student Counselor ( 3 vacancies, Location Bangalore, Mumbai and Delhi)‚Äì Minimum 3 years of experience in student counseling  5. Sales Executive/Sales Manager/Sales Director(many vacancies) across Indian Major cities 6. Event Organizers (4 vacancies in each zone) across West and South Zones of India.  7. HR Manager (1 vacancy Location Bangalore ) ‚Äì Minimum 3 years experience of working with corporate customers in placement companies 8. Business Partners ‚Äì All major cities in India (No investment required from the business partners) Please note Indian healthcare sector to grow to $280 billion by 2020 according to KPMG Report",1136202866479355
I just think it's funny. We all need to drink plenty of water.,303452150161980
"Morning all, I really need some help and support at the moment. Been t2 for a year. To start with seemed to be a model patient, but of lately things have started to go wrong and off track. Lost 2.5 stone but it has slowly crept back on, feel so angry with myself as m weight has always been a battle for me, so losing the weight and getting skinnier was a blessing.  I'm on gliclazide, metformin and sitaglyptin. don't have much support at home,  are creeping up. Just don't know what to do. Wale up most mornings with a splitting headache, and feel out of sorts. Feel so low and depressed, dont",332764747230720
Evening Roll Call!  Mine‚Äôs 156Evening Roll Call!  Mine‚Äôs 156,344419272731934
Does anyone use the freestyle libre?Does anyone use the freestyle libre?,813043652536158
Which diabetes medication is the safest???? Thanks,621783864995472
Late Post Roll Call for Wednesday December 4th (Morning Fast Reading) 3 weeks before Christmas.Late Post Roll Call for Wednesday December 4th (Morning Fast Reading) 3 weeks before Christmas.,743010189539505
So today I watched a movie on Netflix  called What the Health. It was very interesting considering how many people do the keto diet and say there are no side effects and its wonderful for diabetics. I'm type 1 and have been since the 70s. I exercise take my meds and eat portion sizes. That was what I was taught. Now I know there is more tech stuff now and advanced medicine now. But for over 40 years this is what I have done exercise meds and portion sizes and I eat everything. Dont believe in any of these diets. The movie is a good watch. üôÇüôÇüéÉüéÉ,706780043162520
"WEEKLY METER MAINTENANCE Wipe your meter and lancing device with a Clorox or Lysol Wipe, never with alcohol.WEEKLY METER MAINTENANCE Wipe your meter and lancing device with a Clorox or Lysol Wipe, never with alcohol.",1535641779892361
thanks for accepting me,392812867892574
What are some go to late night diabetic friendly snacks? Newly diagnosed and starving.üòÇ,855125691661287
"Hi Friends! My name is Adriana, I've had diabetes for many years. I take insulin and Jardiance, along with a low carb diet and exercise to keep my numbers in control. My goal to is get off of Jardiance someday. Just have to keep positive. Hope you all are having a wonderful Saturday.",509418689565324
Check your pantry!,10158438464465798
"Sugar has been high all day, I am totally drained and feel like I've been hit by a truck. Got fever chills too.üò•üò´üò£ don't think I'm leaving the bedüòíüò∑üòìSugar has been high all day, I am totally drained and feel like I've been hit by a truck. Got fever chills too.üò•üò´üò£ don't think I'm leaving the bedüòíüò∑üòì",440122086494985
"Hi don't really message on here but I'm confused I feel sick most of the time not sure if it's due to Med s , spent two days throwing up . Now again just started  making me feel so tired.",310566739450521
"Morning Fasting post, if you would like to join in.....post your numbers in comments, no judgement.",1356587737797767
"Do you know how Reiki or any other healing methods can help you in your wealth creation, stock or FOREX  trading or overcome financial liquidity crisis? One of my clients based in Mumbai, India (a high net worth industrialist, a multimillionaire in USD/INR 500 INR CR net worth. He was having trouble with liquidity and one of his businesses was having major financial liquidity crisis, as a result his factory went to lockout state for nearly 1 year. A lot of trouble he was facing (including threat to his life from his rivals), employees and financial industries. I visited his factory 4 months back and gave healing to him and his factory, business. I spent 1 day with him to understand his business issues, litigations, employee issues,   bank debt issues. At the end of study, I gave him some healing remedies and we started healing his business issues from the last 4 months.  This morning, we received a call from my client saying that all business issues have been resolved and he is able to open up his factory from early next week.  We are now working on resolving his one big land litigation issue located in outskirt of Mumbai. How can you make good money in Stock or Forex you trade? Do you know about crystal healing? Please bring a quartz crystal and give it to me. We shall program it and provide you what you needed during your day or week trading or futures/options trading?  Do you all know how does it work? Do you want all the stocks you purchased boom yeah?  How can you control the stocks you are trading or the stock market itself with the help of universal energy? Sounds bizarre? Do you want to know all the benefits of Reiki Healing apart from the health benefits? STAY Tuned to see my forthcoming post‚Ä¶.",1508594509240187
"Some of the meals that me and my wife have prepared, we both have diabetes type 2",694488171058374
Dear All Have a Blessed Sunday ...,309559552884573
"Anybody familiar with glimepiride? Side affects, if so how long?",659067227933802
Low Glycemic meal idea's? I am struggling to make anything. Need some simple meal idea's. (Not a lot of cooking or ingredients)Low Glycemic meal idea's? I am struggling to make anything. Need some simple meal idea's. (Not a lot of cooking or ingredients),835084870332036
gm all and thanks for the adgm all and thanks for the ad,283337968840065
"Appointment @ eye clinic today. Hope the VA has cleared the back log of eyeglass orders! Only thing I hate, the dilation drops~Appointment @ eye clinic today. Hope the VA has cleared the back log of eyeglass orders! Only thing I hate, the dilation drops~",396838924156635
Are there any free foods other than celery & carrots? I am not able to eat long fiber foods like celery and mushrooms ( I ‚ù§Ô∏è mushrooms üò¢) or foods that do not break down le raw carrots or seeds/nuts (I know nuts are not free).Are there any free foods other than celery & carrots? I am not able to eat long fiber foods like celery and mushrooms ( I ‚ù§Ô∏è mushrooms üò¢) or foods that do not break down le raw carrots or seeds/nuts (I know nuts are not free).,442545749585952
"Does having a head cold raise your blood sugar? Have had a cold the last few days, hardly eating and my numbers have been high",279807602526435
Everything in  moderation!.....including pasta.. Sophia Loren said eating pasta helped keep her figure and ate  it every day...  I do think we should try buying pasta made in Italy....its non GMO and always made with semolina.... Portion control is the key....no more then a cup per meal....I eat 1/2 to 3/4 of a cup.,370598700113991
Oh the life of a diabetic....,632555390584986
"Just wanna share with you all how happy I am that my favourite tattoo parlor was tattooing diabetics for free! So I got myself one and it turned out great! I definitely advice to get yourself one if you can, especially if they do it for free‚ù§Ô∏è Sending love to all my fellow diabetics and hope that you can also power through this hell to diseases!!",376059196234608
"Dear Friends/Members, Let's talk about CORONAVIRUS Healing. No need to get panic. Do you all know any disease can be healed without medicines?  How to Heal Coronavirus naturally using energy healing methods? As most of you are aware, Coronaviruses are zoonotic, meaning they are transmitted between animals and people.   Common signs of infection include respiratory symptoms, fever, cough, shortness of breath and breathing difficulties. In more severe cases, infection can cause pneumonia, severe acute respiratory syndrome, kidney failure and even death.  1. Heal your complete respiratory system including all organs such as nose, pharynx, larynx, trachea, bronchi and lungs regularly 3 times a day. Minimum 15 minutes of Reiki Distant healing needs to provided to all patients.  2. Heal patient‚Äôs ears, eyes, sinuses (maxillary, ethmoid, sphenoid and frontal) in case of severe congestion. 3. Heal body temperature in case of high fever daily 3 times a day 4. Energize Patient‚Äôs Immune system including healing thymus gland, bone marrow, White blood cells, bone marrow, spleen, complement system. Healers also needs to heal lymphatic system. 5. In case of infants, elderly aged patients, cancer patients, diabetic patients, healers needs to focus more time on healing their immune system and lymphatic system healing apart from respiratory systems. 6. If there is any issues with the kidney functioning, then healer may have to focus on healing complete excretory system 7. Ensure patients drinks enough lukewarm water after completion of Reiki Distant healing.  8. After completion of Reiki Distant healing, patient needs to inhale hot water steam for 5 to 10 minutes. If required, they can use eucalyptus oil in hot water.  9. Healers needs to take enough protection during the Reiki Distant healing.  If you need more information on naturally heal your respiratory system, visit https://amazon.com/author/vivekkamath and look for a book title called ‚Äú Heal Your Respiratory Diseases‚Äù.  Below is the book image you can see in the above site.  Any clarifications or assistance contact our patient care support team contact@healtheworld.in  Visit us www.healtheworld.in to understand more on natural energy healing methods.",2367372116695751
I wish they had a diabetic cooking show on the food network.I wish they had a diabetic cooking show on the food network.,288296108344251
I'm concerned about the glucometers not being accurate.  The freestyle showed my number at 55; the Walmart prime showed 125.   That's a huge difference.  I'm out of freestyle strips so using prime.  I'm terrified of going too low.,311652032675325
Thank you so much for accepting me into this group. I was diagnosed with type 2 diabetes on April 6th this year.Thank you so much for accepting me into this group. I was diagnosed with type 2 diabetes on April 6th this year.,849718438868679
"It's a better choice than some oils, but still it's an oil and fat with little nutritional value.  Using your fat choice with a whole food like avocado or an actual olive may be your better choice.",1830175200439016
Does anybody else have the problem of high heart rate when your bs is high...like 280 high?,500948163745710
"ROLL CALL FOR WEDNESDAY , JULY 11 (Morning Fasting Reading)",411374742703053
Can you live a normal life with neuropathy?,693761324464392
For those folks who eat McDonald's salads on the road,414592419047952
Good Morning! Just wondering if anyone has any reviews good or bad for ozempic? My doctor just put me on it and I am curious of others experiences? Thank you!,588171638356695
A question for those on Insulin. What is the most weight you have ever gained in one week? In lbs please,356592811514580
I am happy my a1c went from 11 to 7I am happy my a1c went from 11 to 7,480527052454488
My skin is fine .... just dry .... can anyone recommend a good moisturizer ???? TY !!!My skin is fine .... just dry .... can anyone recommend a good moisturizer ???? TY !!!,570147386825787
Moringa and Diabetes  ,326742724499589
My husbands sugar levels vary from one hand to another lol. He‚Äôs going to see if he can get a new meter.,332455333928328
Hi everyone I know I haven't been on here for a long while but my bs been real good lately. It has been around 94 latelyHi everyone I know I haven't been on here for a long while but my bs been real good lately. It has been around 94 lately,268964850277377
Does it alter your bs result if you touch the strip meter thingy?  I can‚Äôt put strip in without touching the end.,469898973517296
Read here to learn where to find resistant starches and how they can help.,1848847905238412
Keto CHEDDAR BAY BISCUITS üòã Really Hit The Spot! Full-Recipe here: https://keto-daily.com/keto-cheddar-bay-biscuit-recipe/,188465048466073
"To the people who take Metformin, how many times a day do y‚Äôall have a bowel movement?",2452953994827797
The only equipment you need for this workout? Two cans of soup!,2284803141821336
What one thing has helped you most with your diabetic journey?  - - - The Dynamic DiabeticWhat one thing has helped you most with your diabetic journey?  - - - The Dynamic Diabetic,697706994069825
Is getting bit by a mosquito bad for your feet...I noticed a lot of mosquito bites on my feet...I can only sleep barefooted,265927047247824
Got my A1C results!! 8.2 I know it‚Äôs still not good but it‚Äôs better than 10.3!! So I‚Äôm happy.Got my A1C results!! 8.2 I know it‚Äôs still not good but it‚Äôs better than 10.3!! So I‚Äôm happy.,336725970167931
How did your day go?xx,307575153083013
"My late breakfast.  Thee egg omelet with bacon, ham, spinach, tomato and cheddar.  It is my first attempt at an omelet.  I usually don't eat them because I dont like my eggs overcooked, and god forbid, they should get brown!!  I haven't tasted it yet but I susoect it might need some salsa on top.  140 pre-meal so I will see what it says after a couple of hours.",275218366318692
Anyone else get put on jardiance 10 mg? Pros & come please seen a post it can cause flesh eating bacteria in my genitals???,662191490954709
"I just had an interesting conversation with my pharmacist. It's been over a week and my doctor still has not refilled my test strips.  Pharmacy has requested a refill 3 times already).  She has the same doctor as me and she finds that he doesn't like to prescribe medication as a whole.  I said I find that interesting because he keeps wanting to prescribe metformin for years (for polycystic ovarian syndrome) and I've always been borderline diabetic at 6.5%HA1C until last year when the doctor said I need to be at a 5.5% instead, so now I'm high and need Metformin and my HA1C in March was 7.3 and in July 8.5.  But my TSH has been increasing. This past March it was 9.01 and in July it was 11.63.  I told the pharmacist this and she said the Thyroid is ruling everything so first and foremost the thyroid needs to be controlled before anything else.  When the TSH increased the doctor DID NOT want to increase the levothyroxine but only insisted I go on Metformin and told me the thyroid has NOTHING to do with the blood sugar levels.",472123046628222
About 90 minutes to 2 hours ago I ate maple oatmeal with sugar and glass of 2% milk.  I went for a 3 mile walk and towards end body felt weighed down and heavy.  Almost didn‚Äôt make it home.  Took blood sugar and it was 84.  I am prediabetic and wondering if this is normal or is something off.  Thanks!!,768399503667240
Hi T2 here. I've been on metformin er before and had no problems. I went on insulin for a year and now back on metformin. Question..I have been getting a headache and kinda feeling blah at around 7 to 8pm. I check my sugars and there fine. Is this a known side effect? It's the only thing that's changed this week. I will be asking doctor tomorrow. Thanks,500605537113306
Cautionary tale,1845743412215528
https://www.facebook.com/groups/716380275128285/permalink/1245144432251864/?__xts__[0]=68.ARCfdSGwBJzAG7DZzjG5aS_wdGqEkbIffoi5TjmX0kgOWI8U4-1C2I4zIedlx_UYLjnNzz6eezw-m7QaCnJUIZZMVfgS2s1sCcx7aHqvQyf75nCyM7K2h28okY7th01MSr5NJ7xvqSxe&__tn__=CH-R,1479317912167847
Roll Call for Monday May 6th (Morning Fast Reading).,597016620805530
"Hi guys! I hope you are doing well! I wanted to wish you an excellent year, hope you have great resolutions for 2019 ! For myself it is not a resolution because I was already going to the gym 3 times a week but I want to invest more time if it's possible this year. What are your 2019 resolutions? üòá‚òÉÔ∏è",529867944187065
"Type 2. I've avoided injections, prefer to treat just with better diet but Endocrinologist prescribed Trulicity. I'm procrastinating seeing his nurse for my demonstration of use. Some people posted that it brings sugar too low during the night.",2131378440318689
Why would my endo tell me that I should omit fruit. Only to answer my follow up query with a list of fruits that are ok? Do doctors not realize how they undermine our confidence in them?  Don‚Äôt Ban me from a food group and then months later back peddle and provide a list from that group that you allow! Ugh!,591519011355291
Wahooo!,824109394445786
Question: what can be done about lost pills can we request more in the next prescription? I'm the worse when it comes to losing pills because they drop sometimes or spill in my car or my purse. I don't know how many times I have to go through this but I may be short two pills now. This is my first time really being so clumsy with my pills. They seem to always want to spill in my car if I happen to have to eat a meal or snack on the way to or from work to take my medicine. What do you all do? I also am so forgetful right after taking it I can't even remember if I did or didn't.,313932835780578
Worried about the coronavirus? There's plenty you can do to stay safe if you have diabetes. Check out these tips from the American Diabetes Association.,2259728397662144
"Switch my meal prep every4 days. Chicken nachos,baby spinach, trail mix, mixed nacho chips,yogurt, and salsa and sour cream on the side. High protein low carbs. FAITH OVER EVERYTHING, TRUST THE PROCESSüí™üí™üí™",323805294793332
"Alternate therapy is enough... I am fed up of taking medicine Fact: Diabetes is a chronic disease which can be prevented but cannot be completely cured. Treatment for T2DM is a multifaceted approach that includes diet, nutrition, exercise, stress management and the necessary medications. Modern medicines and treatments with insulin therapy have come a long way in managing diabetes. However, some people seek alternative treatments as their only treatment for diabetes because of their attractive claims to completely cure diabetes. The use of alternate therapy alone is not supported in the medical community for T2DM. The ADA, for example, does not support the use of dietary supplements as a sole treatment for diabetes because of a lack of research-based evidence. ‚Ä¢ Ayurveda: It is an ancient system of medicine, practiced in India widely. The ayurvedic drugs available in India are usually a combination of root, bark or leaves of various plants and bhasmas of some metals. The safety and efficacy of these drugs is not scientifically established. In conventional doses, these drugs can normalise blood glucose in newly detected type 2 diabetics; however, in long-standing diabetes mellitus treatment, they are found to be ineffective. Since the plant extracts are being used, these drugs do not undergo similar safety trials and regulatory checks as modern medication and therefore one cannot be sure of its contents and efficiency and effect on hyperglycaemia or hypoglycaemia. High level of metal constituents can lead to liver damage ‚Ä¢ Homeopathy and Unani: These therapies are used to cure many chronic diseases, however, there are no controlled trials on homeopathy or unani as a sole treatment for T2DM ‚Ä¢ Accupressure: Acupressureisa technique that involves placing pressure on strategic points in the body to produce similar effects to acupuncture. These techniques do not aim to cure diabetes, but instead aim to help a person‚Äôs body function more optimally. ‚Ä¢ Relaxation techniques: Although high stress levels are associated with high blood glucose levels, techniques like yoga and meditation are not associated with improvements in diabetes measurements, such as glycaemic control or improvements in HbA1c tests These alternative therapies may play a role in a modest way to control blood sugars, however, there is not enough scientific evidence and safety trials for their use as the only treatment for diabetes. They may be used as adjunct therapy only under medical supervision. The last thing anyone would want is to stop medication completely, take alternate therapy with no benefit and end up being hospitalised with life-threatening high blood sugar or with a stroke, heart attack or other complications as a result of uncontrolled T2DM. Diabetes education initiative by www.parivartanfoundation.net",1809904679132735
What do YOU with KALE?,477202789453581
"Hi there, we are students at Esade university and we are looking to improve the life of diabetics. If you are diabetic or take care of someone diabetic we would really appreciate your help with this survey! It takes only 5 minutes to do, thanks!!!  ",262479940925868
What is everyone doing about being at a higher risk with corona virus? Unfortunately my job is a needed service and I still have to work while majority of everyone else gets support payments to stay home and not work.,836189350221588
Debating if you should pitch it or eat it? Our dietitian offers some tips about food ‚Äúbest by‚Äù dates for helping you decide.,10157243664753100
Pneumonia struck n struck hard!  No appetite and all I wanna do is sleep. I haven't been drinking much liquids either.Pneumonia struck n struck hard!  No appetite and all I wanna do is sleep. I haven't been drinking much liquids either.,330536917453503
What‚Äôs your guys opinion of drinking cocoa/cider? My mom jumps on me every single time I want a cup.,1408884989234708
Who has an insulin pump got a question to ask üòäWho has an insulin pump got a question to ask üòä,335999670240561
"# Dealing Diabetes # Diabetes can develop in a child of any age, including infants and toddlers. Type 1 diabetes often develops quickly and may be life threatening if not diagnosed early. Having a child diagnosed with diabetes may be overwhelming and worrisome. There is so much for you to deal with - monitoring your child‚Äôs blood glucose levels, diet and physical activity. Along with this emotional support also plays a key role in diabetes care!",1244607172329158
"ROLL CALL FOR  SATURDAY, FEBRUARY 9 (Morning Fasting Reading)ROLL CALL FOR  SATURDAY, FEBRUARY 9 (Morning Fasting Reading)",549509272222932
Question? Can antibiotics specifically penicillin raise BS readings? I did have a CT scan on Sunday with contrast maybe that's it.,651136612060197
"High Blood Sugar: Hyperglycemia is the technical term for high blood glucose (blood sugar). High blood glucose happens when the body has too little insulin or when the body can't use insulin properly. What Causes Hyperglycemia? A number of things can cause hyperglycemia: > If you have type 1, you may not have given yourself enough insulin. > If you have type 2, your body may have enough insulin, but it is not as effective as it should be. > You ate more than planned or exercised less than planned. > You have stress from an illness, such as a cold or flu. > You have other stress, such as family conflicts or school or dating problems. > You may have experienced the dawn phenomenon (a surge of hormones that the body produces daily around 4:00 a.m. to 5:00 a.m.). What are the Symptoms of Hyperglycemia? The signs and symptoms include the following: > High blood glucose > High levels of sugar in the urine > Frequent urination > Increased thirst Part of managing your diabetes is checking your blood glucose often. Ask your doctor how often you should check and what your blood glucose levels should be. Checking your blood and then treating high blood glucose early will help you avoid problems associated with hyperglycemia.",834876236635589
"I love breakfast. But I stay away from pancakes and French toast. Also, I have learned that I can have cheese or grits but not both. (Edited)",377778662729328
My favorite items for meals in a hurry with not much time in the kitchen.,1655902137866324
Been craving ice. Any idea what that is?,535630513610808
https://www.facebook.com/EatingWell/videos/10156378875755798/ WHO NEEDS BREAD,337277080112820
Had this peeeerfect night few days ago. I am so proud. I am type one and I still struggle not to do rollercoaster blood sugar üòÇüòÇüí™,709002372940287
Is there an App you use to track your food intake?  I‚Äôm looking at Weight Watchers and a Carb App. But need to get serious üôÅ,582494608924398
Just finished a 1 hour exercise class and my bs is 295????Just finished a 1 hour exercise class and my bs is 295????,603291923511333
"HELP!!!  I am taking Jardiance for about 2 months now & not seeing any blood sugar changes, but losing weight.  Does it take time to see your BS numbers go down?  Thanks!!!",468128493694344
"Been very sick with diarrhoea all night until now, keystones went to 0.9 but I'm really pleased I still kept my sugar levels under control with having a Dexcom on me which as greatly helped me get through the night 100% weird though how I prevented them highs but good :-)!",769250790248778
Do you know how medicines affect the kidneys? Here's what you should know to keep your kidneys safe. https://www.youtube.com/watch?v=eWlx6C9Jv5g&feature=youtu.be,10156839862629846
Getting support from people with similar goals and challenges is key to cutting your risk of type 2 diabetes.  Find a local program that can help! http://bit.ly/2bPTeJG,606791576326482
"Arg, my cgm goes off super loud at work and I feel crazy exposed all of a sudden.",363611287479399
The tighter the control I seem to get of my numbers the more often and severe my lows become. üòû #cantwin,581595242347668
"In ICU, in DKA. So sickIn ICU, in DKA. So sick",290406421466553
https://www.youtube.com/watch?v=pnLpaikJdT4&index=2&list=PLNrgs8pcWFPHM0mlmLBDTF9eMqEV3BC84,208662386380658
"The panel recommends the target HbA1c to increase microvascular benefits is 7 percent or less (53 mmol/mol) for most nonpregnant adults with sufficient life expectancy, with individualization based on patient preferences and goals; risk of adverse effects including hypoglycemia and weight gain; and patient characteristics including frailty and comorbid conditions. The cost, adherence and tolerability burdens have been added as factors to be considered for all medication therapy.  The report suggests that a patient's medication-taking and self-management behavior (adherence) be specifically considered as part of the decision cycle, ensuring a good match between patient and care plan. Inconsistent medication-taking behavior affects almost half of people with diabetes, which leads to suboptimal blood glucose control and increased CVD risk. All patients should be offered access to ongoing Diabetes Self-Management Education and Support (DSMES) programs in order to help patients cope with the daily challenges of living with diabetes, which can increase adherence to the diabetes care plan. DSME/S programs provide essential information to increase patient's ability to successfully and effectively manage their diabetes every day.",1737900216333182
"I currently inject my insulin with a pen, was thinking about asking the doctor about going on a insulin pump. Does anyone recommend this for a T1D? Also does it monitor your BG?",369327930241068
What are the benifits of drinking lemon juice with water?What are the benifits of drinking lemon juice with water?,1832693820187154
"There are people who live their entire lives on the default settings, never realizing they can customize everything. Don‚Äôt be one of them. A must read ...",10155861104181378
Watermelon doesn't like me sugar is 203 even  though I feel fine. üò≠üò≠üò≠,427058511134676
Hey all. My Dr took me off my metformin because I was bottoming out all the time and very quick coming to close to passing out.   Nothing had changed and I'm eating little snacks or meals and I cannot keep my blood sugar up.   Wth is going on?  Anyone else go thru this?,309067206267141
"Nodine's Smokehouse Inc. is Recalling Smoked Salmon 1.5 lbs, 8 oz Packages Due to Possible Listeria Monocytogenes Contamination  ",1427654057357801
Not sure what to make for breakfast? Don't overthink it! Try an old staple:,1830668137234841
Hi I woke up at 6am with extreme dizziness. I tested my blood and it was 8.8. I vomited a few times still very dizzy. Managed to go back to sleep and have woken up feeling much better has anyone experienced this extreme dizziness please?,864049820768874
Anyone suffer from migraines bs always up when I have one this week 4 days with one can‚Äôt move,333130437194151
http://dlife.com/slideshows/25-lowest-carb-vegetables/,1377221239067750
"# Diabetes Home Remedies Custard Apple Leaf: There is a claim from some tribal population in northern India that the young leaves of custard apple tree, Annona squamosal has anti diabetic properties. Present studies show that the water extract from the leaves of custard apple tree acts at more than one site, namely pancreas (release of hormone insulin), muscle and intestine (uptake of glucose through specific receptor). No clinical data is available in terms of use in diabetes in humans.",1320005724789302
"Why I try to stay in shape. Diabetes reduces the elasticity of our blood cells. They don't bend and squish as well. So this causes inflamation, especially where blood flow is complex, like joints, or restricted, like our brains or extremities. Lowering BG helps and staying in shape makes muscles filter sugar from our blood and makes our metabolism more efficient.",282678778905984
"Fiber is a nutritional powerhouse.  Adding these fiber rich foods to your diet, daily, can help you manage your diabetes glucose number, keep you full and prevent complications.",1876289395827596
"This quote is 200% true. I follow this in my life. Never go after people or chase money.   If you get the right kind of people, then you are luckiest and most successful person in life.  Talk less and work more.   Do you work sincerely by giving your full heart, mind and do not worry about the results of your work.  Lord Krishna, Allah, Buddha and Jesus are there to see our testimonials.  Face Book Likes, LinkedIn Likes/comments are good to give us momentum. However, I strongly believe one should have built-in motivation and self confidence and power to withstand during life time crisis. If you can overcome it, you have won your life time challenges.  Furthermore, Believe in Lord Buddha's golden quote "" Rule Your Mind Before it Rules You"".",1199702760129365
"Recently, I started to record my carbs in a food log. One week in and I'm already seeing the benefits. I clearly see how much I eat in a day. Also, it makes me stop and think before I put the carbs in my mouth. Who wants to write down non-nutritional carbs? Any one else keep a food log?",265939980579864
There are some great tips for reducing stress in your life (as well as managing your condition) in this article from by my friends Marc and Angel.,1524725990983940
Favorite low carb meals? Need new ideas! ETA: I am struggling with eating so much meat and I hate seafood of any kind so protein is a struggle for me! Hence the dilemma,459424974564696
Hi has anyone ever taken sucontral D?Hi has anyone ever taken sucontral D?,582038832303309
"The mind can be the harshest battleground.  It can be the place where the greatest conflicts are carried out.  It‚Äôs where half of the things you thought were going to happen, never came to be.  But if you allow those thoughts to dwell in your mind and fester, they will succeed in robbing you of peace, of happiness, and of everything that is beautiful in this world. -- from:",10155980848491378
I was just diagnosed with type two today I‚Äôm glad to be part of a support group any tips for day one?,399991363841391
I'm having trouble getting my insulin I'm out of work and I need my Tresiba and my co pay is $587 does anyone know of any services that could help ?,837872283386628
Cindi Lou can I drink cocoa at night as I can‚Äôt sleep if I can drink ALITLE please let me know thanks,1622905551165983
Made my awesomely delicious. Sugar Free Key Lime Pie. Of course sugar free doesn't mean Carb free. But it's very low on carbs,273176119856250
Guess who came for dinner?,350073125499882
Curious... (T2 recently diagnosed) anyone wake up from a dead sleep with racing heart? Could this be related to sugar levels?,545876269252899
Did you know that there are two types of physical activity that are most important for managing diabetes? These are aerobic exercises and strength training. Stay turned @ https://www.facebook.com/AccuChekSubSahara/ or @  https://www.facebook.com/pjoshdiabetescarefoundation/ .  We will be letting you know how these exercises are effective in managing your Diabetes . #DiabetesAwareness #Healthblog #Exercise #PJosh #PDF,1987857891288586
"So my son is 12 and is on Metaformin for high sugars, but lately I‚Äôve noticed when he goes to the bathroom to urine I go in and it smells so bad in there.  Is that a sign of something just wondering because it‚Äôs an awful smell like rotten urine in a way...",336485833525278
We are a state of the art free online service.  We work with all of your Cable & Internet service providers. We can help lower your monthly bill with your current provider or get you the best deal with your new provider! To lower your bills now contact us now!,354600618457255
"I hate being super low (40s-20s) and not being hungry at all. So now I‚Äôm low, dizzy, sweating, and super pissed that I‚Äôm having to eat. üò§ Just me or nah?",870138826826640
What do the many of us with skin conditions do when our skin reacts badly to all of this coronavirus-prevention hand washing?,2802076003181504
Do lancets expire,362363090937552
I'm only a month in from Dx.  I'm going to Disney next week.  Stressed out about the struggle.,279841742523021
Can you live long and prosper even with diabetes? Yes! These 9 tips can help you prevent diabetes complications. http://bit.ly/2hSS0Rq,498754773796830
"I'm tryin to learn more about diabetes as I'm new to all this,can anyone explain if needing insulin in pregnancy could mean u would after?I'm tryin to learn more about diabetes as I'm new to all this,can anyone explain if needing insulin in pregnancy could mean u would after?",381506652356529
These are not bad at all ... just can't live without my pasta,473121536528373
Do you do this? Put your test strips in bottle to be thrown in trash? Put  tag on bottle DO not RECYCLE.,830283534145503
Like to share this with all you fine folks. Found this little gem at my local Sprouts store. It adds just the right amount of sweetness to my coffee or tea. Hope you can fine one near you.,537805486726644
Has anyone tried Ozempic injections?,500611327112727
"Hi , I‚Äôm new to your group. I have some questions I went to my dr Oct 15th got a scare of blood sugar levels close to 400, I‚Äôm on metformin 1,000mg once a day, glimepiride 4mg once a day n the worst is Trulicity which I started at 0.75mg n now 1.5mg is anyone on this n making them sick? I‚Äôm having a lot of acid reflux that‚Äôs horrible. I guess my question is if you are having these same problems what foods do you stay away from? Oh n dr told me to take papaya tablets . Thank you for any help",498381597335700
My new test strips arrived a day early so I don't have to use the garbage Embrace meter. I like the Bayer Contour better. The test strips got shipped same day and seem to be genuine Bayer Contour strips. 200 for $49 (USD) from Diabetic Warehouse. They were much more expensive on Amazon and ebay. I'll be ordering more from them soon.,477742032732990
I only use Splenda-type sugar.  Is it bad for you?,295926137581248
"I'm starting to get a bit worried with my body, I have noticed more and more lately how clammy my body is and how I almost always have the shakes to some degree. It's kind of hard to describe how my movement is with my hands and feet other than clammy so I hope that does give some sort of idea. Not really sure if there is anything I should do or whether this is diabetes related. I have had a lot of trouble with my levels and bringing them down for about 5-7 years now (my body is heavily resistant to insulin so nothing seems to work well or for long). Really worried things are finally starting to catch up with me. (Got diagnosed in 2010) just wondering if anyone else has experienced this clamminess and or has some thoughts?",347073652466496
How do you get your blood sugar to go down quickly? Mine has been staying in the 200 range.How do you get your blood sugar to go down quickly? Mine has been staying in the 200 range.,754813725025818
"My doctor giggles when I say I wake up with a high sugar and its 124, She says its not that high. During the day I can not get my sugar under 100 unless I don't eat. I don't understand this, I changed my eating, I barely eat bread NO pasta, I havent had rice since being diagnosed...I basically live off veggies, chicken and cheese. I stoped losing weight despite my eating habits changing so drastically. I feel like I just can't live my life, not enjoying anything social because its mostly food and alcohol based situations. AHHHH I am only 27...I was 140lbs until I had my daughter. ..then boom up to 220...then got put on prednisone for a stomach issue...boom 268...I legit want to cry.  I dont understand what is going on..I read EVERYTHING about how to eat and I just see a lot of No you cant have that or that or that... Whats the point.... :( Sorry for the rant.",286321421875053
"Just got my dose of Ozempic increased and I had a low in the middle of the night (38 and falling). Time to adjust my long acting downward it seems. It got me wondering, what are peoples record lows where you were still awake and able to consume carbs?",616518685521990
If you have diabetes and alongside if you drive a vehicle following care has to be taken!,1112228302233713
Good morning Group! I'm back in the hospital another infection from my foot has hit me waiting for a MRI to see if I have to go to surgery their saying that I may have more infected bones in my foot. But nevertheless we say positive and push forward hopefully I still can compete on Dancing with the Stars üòÇü§£ heck yeah you never know stay blessed group¬†‚Äî¬†feeling positive.,552422438598282
This page rocks.This page rocks.,348994012274460
Woke up 7.1  went on 40mins on treadmill tested 8.3mmol 15min later (fasting) Whats going on? ü§îüò≠,487264068447453
It's normal to experience diabetes burnout.  For those living with diabetes much of the focus is on blood glucose levels and how you are managing your diabetes.  But diabetes is more than physical management. Your emotional health also matters and needs prioritising as well.  Caroline Minor writes for DiabetesSisters about how she recognises diabetes burnout and tips on what to do.  What do you do when you feel diabetes burnout?,2259670950728102
"A question for all... I live in Minnesota, Police, Paramedics, and Firemen all have Narcan for drug overdoses.  Why don‚Äôt they have sugar?  Glucose tabs?    Yes, I ran into a situation needing sugar and not any of the 3 Officers had any sugar to assist.",599036077270251
Crunch on an apple or two a day to keep the doctor away! Find out what researchers are saying.,2263899227245061
What‚Äôs the best low carb bar This one has 24g,341402613033600
Why Are Addicts Abusing Gabapentin!!?,1782158428534913
"Type your zip code into the search box after you open the link, click enter to find a farmers market near you. https://www.ams.usda.gov/local-food-directories/farmersmarkets ",2046297025493498
"We started Heal The World healing center focusing initially on Diabetes healing. However, we started getting orthopedic, cardiac patients and psychological disorder patients. We could not say ‚ÄúNo‚Äù to them.  Now, cancer patients started knocking our door. We have 4 Cancer Patients approached us till date since September 2017. 1. Ovarian Cancer ( Bulky SIZE Uterus size has been reduced within few Mexican and Reiki Healing) 2. Breast Cancer ‚Äì Healing in Progress (Patient is based in Bangalore, India).  Recovery in progress.  3. Testicle Cancer ‚Äì Healing in Progress (Patient is based in Mumbai, India). Already in recovery mode. 4. Anus Cancer - Patient Based in Tamil Nadu, India ( in Pipeline ‚Äì will start treatment sometime end of this month. Apart from this, we are also healing few critical patients suffering from below diseases. 1. Alzheimer disease patient based in San Francisco, USA 2. Kidney Dialysis ‚Äì Patient from Mumbai, India 3. Schizophrenia ‚Äì Patient from Mumbai, India 4. Few Depression, anxiety disorder patients ‚Äì Bangalore, India (Already showed good response to our treatment) 5. Insomnia Patient ‚Äì Maharashtra, India   6. Few Diabetic patients ‚Äì Mumbai, India   7. Heart Disease (blockages) ‚Äì Mumbai, India 8. Parkinson‚Äôs Disease ‚Äì Maharashtra, India   9.     Skin Disorder Patients - Bangalore, India. Any disease can be healed without any medicines. Do you believe in yourself?  Visit www.healtheworld.in for more details on our ancient healing techniques and testimonials.",1230721907027450
I am so done with this ü§¨‚ò†Ô∏èü§¨‚ò†Ô∏è desease. I have the Omnipod and normally I have a daily insulin use of 30-35.  Today is one of those days I have now and then. I think my ovulation is around the corner and this make my bloodsugar spike like crazy. I am already on 59 units and still not going down. I even changed my pod and nothing. Drank tons of water but the only thing that goes down is my pants from all the peeing.  How am I supposed to try and control this terrible desease? It‚Äôs a constant fight.,351435485363646
please share to get my niece home to her family,676544082852783
Evening Roll Call!  Mine's 140 mg/dl or 7.8mmol/LEvening Roll Call!  Mine's 140 mg/dl or 7.8mmol/L,396283550878839
My copay for specialist is 50.00. My wife's nail salon charges 25.00 for a complete foot job in a massaging chair. How many guys do this route?,683152428858615
Tasty almond butter waffles! So delish.,497655430741650
"This #KidneyMonth, start the conversation with your health care provider about kidney health, especially if you have diabetes, high blood pressure, or a family history of kidney failure. Learn to read your blood work, you want that eGFR over 60   https://www.niddk.nih.gov/‚Ä¶/get-invo‚Ä¶/national-kidney-month‚Ä¶",1941815042608364
"So I‚Äôve been having sharp stabbing pains in my legs (in my shins) and feet. I don‚Äôt feel like it‚Äôs neuropathy, but I‚Äôm not sure. I‚Äôve asked the doctor about it, and he prescribed gabapentin which isn‚Äôt helping. When I type anything in google, it says I have a week to live.. soooo Any advice?",504968566677003
September is Better #Breakfast Month  - Fun Recipes http://bit.ly/1qGPbRI,10156047757183772
"ROLL CALL FOR SATURDAY , JUNE 2 (Morning Fasting Reading)",380418455798682
After dinner blood sugar 230! Yes down from over 600 a week ago.,310157012824827
Got up and made a late breakfast for us today.  Tonight is apricot glazed salmon and veggies.,553563975150795
"So i called and talked to the nurse about my crazy symptoms i'm having which are weakness, dizziness, tired all the time, you name it i have it... she said meds don't show side effects 2 months later that it has to be low blood sugar BUT i'm not having lows??? I just don't understand??? My numbers are ranging low 100'2 to 140. UGHHHHHH.....",655913584915833
Please help me for glucometer in Pakistan???can we check A1c on glucometer???,1369455843177623
Quick Question? When checking your Blood Sugars before going to bed and They are  Elevated. Do you give yourself a short term with your long term? I have seen people do both. I have seen people just give long term. Thoughts? Thanks.,802528006921056
"I hate diabetes. I hate being diabetic. I hate everything about the disease. I just hate it. It makes me depressed, unhappy, flustered and miserable. Hate it!! I'm in a hateful day? Nah! This whole thing sucks. If I don't take cate of myself I'm in a slow suicide if I do and nothing works I'm in a slow frustating death roll. You can't win with it. It always wins and in the process it steals your life away. Little by little everyday.¬†‚Äî¬†feeling betrayed.",273451426495386
"I was just diagnosed with Type 2 today and I‚Äôm devastated!  Two years  ago I was strict keto and went from 152 to 114 in 8 months.  I stopped keto because I couldn‚Äôt seem to stop losing and people were starting to ask if I was sick.  Since then, I got promoted to the executive floor and the food supply is obscene!  I started eating like I was afraid I‚Äôd never get another cookie (and now, I really won‚Äôt ever get another cookie).  So basically, I gained back up to 140 lbs and gave myself diabetes!  I now have high blood pressure and have been put on bp meds.  I‚Äôm 62 and as an executive assistant, I don‚Äôt get much exercise!  We do have a gym at work but I haven‚Äôt used it in 2 years!  I have no excuse other than a pinched nerve in one hip (which is not much of an excuse).  I really want to get my act together, and get on a good diet and exercise program and see if I can‚Äôt reverse this diabetes before my dr. puts me on meds.  I have no idea where to begin!  My only fear is that the high fat will be counterproductive to reversing my diabetes.  I‚Äôm open ears to anyone who has lived with diabetes for a while and has been successful on keto.  Oh, I damn near went bald the first time I tried keto so maybe someone knows how to prevent that from happening again!  Thanks much!",825917287915461
Has anyone tried this before it's supposed to help lower blood sugar and triglycerides...,774745829699274
"Very useful article about how to prevent, treat and if possible reverse diabetes. There is also a diet plan and all of the suplements you need for better managing of diabetes.",336321860208342
So I'm already on metformin and now.my doctor wants to add invokana.. any one here take invokana I'm a little worried to after reading about it,338546316652563
Is there a drink other than water that is safe for us to drink?Is there a drink other than water that is safe for us to drink?,268124783694717
"Anyone else on here keep getting messages from ""healers"" it's getting annoying if some words would cure disease I'm sure we would have all said them by now This person keeps writing me saying if you pay $200 I can make him better through some texting app¬†‚Äî¬†feeling frustrated.",287660975074431
"Just tested myself, as i have been feeling unwell today, But thought I'd do a comparison test between 3 different brands of testers that i have here.... Going from left to right  . One touch VerioIQ  . Accu Chek Guide ( my main tester )  And the Freestyle optimum Neo  Now going off my gut feeling and me knowing my own body, I feel somewhat fine, and feel im at around 5, If that.... But the other two are way off , Or is the latest ( newest model which is the accu chek guide ) telling me different, Bare in mind, I'm in Australia and the latest one that i use, I did have to pay for it outright unfortunately, Which i think cost me around $60.  But anyway, This is probably why i don't test myself more than i should anymore, as there are so many false testers out there, That says I'm fine, But im completely not, That's why i go off how im feeling and can guess my reading, and I'm normally correct... And i do actually calibrate these testers a lot to",695076144332910
"Good Evening Family. How is everyone doing. I pray that everyone had a great day. THOUGHT FOR SATURDAY EVENING, MARCH 2nd: ""Time = Life, Therefore, waste your time and waste your life, or master your time and master your life."" Have a wonderful evening everyone.üòäüåπüå∫‚òî¬†‚Äî¬†feeling thankful.",561604127680113
"What is an Anti-Inflammatory Diet?Did you know that research has found a link between inflammation and increased risk for chronic diseases? And, these studies suggest that heart disease, Type 2 diabetes and obesity might be due to chronic inflammation.INFLAMMATION IS A NORMAL BODY RESPONSE TO PROMOTE HEALINGInflammation is a sign that the immune system is fighting infection. The infection may be related to germs, wounds, allergens, toxins or other causes.Typically, we think of signs of inflammation as redness, swelling and pain. But, sometimes inflammation can happen within our bodies. Someone with bronchitis has a lung infection. The lungs may become inflamed. And, this may be a sign that their immune system is working to fight that infection. Eexcess body fat may promote changes in the body cells that promote chronic inflammation. The signs of inflammation may not be obvious. For others, chronic inflammation may relate to a problem with their immune system.Whatever the cause, long term chronic inflammation may damage the body‚Äôs DNA, increasing the risk for cancer.WHAT WE KNOW AND DON‚ÄôT KNOW ABOUT FOODS AND INFLAMMATIONVarious anti-inflammatory diets are promoted online. But, researchers are still figuring out how what we eat may affect inflammation. So far, it appears that eating a variety of nutritious foods may help reduce inflammation in the body. What we eat may help prevent and keep chronic inflammation in check. And, a healthy eating plan provides nutrients that help keep your immune system working well:Fruits and vegetables contain natural components called phytonutrients that may help protect against inflammation.Healthy fats, such as monounsaturated fats and omega-3 fatty acids, may help keep inflammation at bay.Foods high in saturated fats may increase inflammation. Plus, highly processed foods and other foods with trans fat also may be inflammatory.Five Dietary Approaches That May Help Reduce InflammationAre you looking for ways to help combat inflammation? Consider the following five steps:Step 1: Make Fruits and Vegetables Half Your PlateAim to include vegetables and fruits with every mealEat a variety of brightly colored vegetables and fruits:All forms count ‚Äî including fresh, frozen, canned and dried. Just be sure to look for products with no added sugars and lower amounts of sodium.Focus on vegetables from each subgroup weekly, including dark green, red and orange vegetables, as well as beans and peas.Step 2: Be Smart about ProteinDon‚Äôt overdo the protein ‚Äî five to six ounce equivalents per day is appropriate for most people that are moderately active. And, when it comes to protein, select fatty fish containing omega-3s a couple of times each week.Enjoy meatless meals with tofu, tempeh, and legumes such as beans, peas, and lentils.Choose leaner protein foods, such as skinless chicken or turkey or lean cuts of beef and pork.Include low-fat or fat-free dairy products, like skim milk and yogurt, which are lower in saturated fat.Minimize highly processed foods such as deli meat, bacon, and sausage.Step3: Choose Healthy FatsUse monounsaturated fats, including olive, safflower, sunflower, canola, peanut and avocado oils.Eat omega-3 rich foods:Enjoy salmon or another fatty fish two to three times per week.Snack on nuts, such as walnuts.Toss ground flaxseed, chia seeds and hemp seeds into salads and other dishes.Minimize highly processed foods that contain partially hydrogenated oils and high amounts of saturated fat.Step 4: Select Whole GrainsChoose whole-grain flours and cereals more often, rather than those made with refined flour.Include a variety of whole grains, such as brown rice, quinoa, millet and wheat berries.Step 5: Experiment with Fresh Herbs and SpicesInfuse flavor into your dishes by adding fresh herbs.Spice up your recipes by experimenting with spices.OTHER LIFESTYLE FACTORSThough what you eat is important, it's not the only factor that impacts chronic inflammation. To help stay healthy:Get adequate sleep ‚Äî both quality and duration of sleep directly impact inflammation.Be active ‚Äî regular physical activity has anti-inflammatory effects. Aim for 30 to 60 minutes of moderate-intensity physical activity a day on most days of the week.Achieve and maintain a healthy weight ‚Äî excess body fat could contribute to increased inflammation.NEED HELP DESIGNING AN ANTI-INFLAMMATORY DIET?A registered dietitian nutritionist can help develop an eating plan that fits your unique lifestyle, taste preferences and medical needs.",2162819827174550
"This article has information to help you know when you need to head to the Emergency Room, so you don't have to wonder about what is an emergency or waste time getting help if you are having a problem..  ",1575738765882662
Does anyone use a food scale?,265153217325207
Has anyone looked into the oatmeal milk that's out there now? I know oatmeal supposed to be good for you the carbs are high but it breaks down slower if I'm correct. So now I'm just wondering about the milk..,700724530434738
"This recipe is taken from the everyday diabetic cook book by diabetics uk its 156 calories 4g fat 8g protein and 22g carbohydrate                        1 400g can blackeyed beans drained and rinsed. 15 ml  olive or sunflower oil.2  medium onions peeled and finely diced. 1 clove of garlic crushed.225g carrots peeled and finely diced 1 green pepper finely diced. 2 large courgettes  sliced 1.6 litres boiling stock home made or a cube.salt and freshly ground black pepper.freshly chopped parsly to garnish Heat the oil in a large saucepan,and cook the onion untill soft add the garlic add carrot pepper and courgette and cook for a few minutes add the stock seasoning and beans stir well bring to the boil cover and simmer gently for 50 mins untill the beans are cooked through check seasoning and serve sprinkled with chopped parsley serves 4.note courgette is also known as zuccini",499632730543920
"As everyone seems to take vitamins/supplements for various reasons, I'm interested to know if anyone takes anything due to being diabetic and why. For example...Chromium Picolinate, Alpha Lipoic Acid (ALA), and Cinnamon.",278703082636887
Has anyone gotten alopecia areata from their diabetes? I remember posting in here when I was first diagnosed about balding & this was right before I was even diagnosed. As a result I did cut my hair and it's growing a lot but the more it does I'm noticing the balding again and the spots getting bigger üòï‚òπÔ∏è‚òπÔ∏èüòü.. does anyone else deal with this? My only suggestion was injections or something for it when I was first dealing with it.,352055708634957
"Hi and thanks for the add.  Just a little about me.  I`m retired so you have an idea of my age.  I am listed with my Doctor as diabetic.  I was taking 4-shots of Novalog a day.  Through diet and exercise, I reduced those 4-shots to zero shots but took took metforman.  With continued diet and exercise i even came off of those.  Not saying everyone can, but it worked for me.  Maybe some of the newbies to diabeties can get on track and reverse theirs also.  Ty.",249340655573130
Does anyone know if you can follow a user on a app other than the dexcom follow? My inlaws need to follow my son but the phone they have does not have the app in google play. Any help is appreciated.,2030228607100340
"BARLEY While grains typically spike blood sugar and don‚Äôt contain enough fiber to offset the rise, barley holds the honor of being the lowest-glycemic grain (of the grains officially tested so far). This means it is the grain with the least impact on blood sugar. A half-cup of cooked pearl barley contains 22 grams of carbs and 3 grams of fiber‚Äîbut its fiber is the magical beta-glucan, a special kind of soluble fiber known to help people feel full longer, to have less of an effect on blood glucose, and to improve cholesterol numbers. If you can find the less processed, ‚Äúhull-less‚Äù barley, you‚Äôll get even more fiber and more blood sugar protection. Read more: http://dlife.com/slideshows/10-best-fiber-foods-diabetes/#ixzz4ulx3Y0Kc  Follow us: @dLife on Twitter | dLife on Facebook",1358149430974931
https://m.facebook.com/story.php?story_fbid=250282655516201&id=100016034042289,1523165671139972
How many eggs in a day do u think crosses a healthy line?,336437470196781
"Are there any other diabetics who have been diagnosed as a type 1 1/2, or sometimes called Type 1 & 2?",326817651158763
"Weekly Meter Maintenance, wipe down mater & lancing device with a Clorox or Lysol wipe.  Change lancet if needed.Weekly Meter Maintenance, wipe down mater & lancing device with a Clorox or Lysol wipe.  Change lancet if needed.",1529813747141831
I am so upset with myself. I have kind of fallen off the face of the earth. Not eating. Not taken meds. Not looking a readings. Not wanting to do anything but sleep. To quote Huey Lewis I want a new drug. Any suggestion?,349703598870168
My a1c is getting a tad high. 7.6 I weight 155 only 5 ft 5 ins. Got into deep depression and eating like crazy. Is there anything I can do to lose the lbs? I'm on meds for depression. Ooh I live with a non diabetic that has a house full of crap food.,424743974699463
"Breakfast this morning = 1 sausage patty and 2 eggs. 3g carbs, 1g sugar.Breakfast this morning = 1 sausage patty and 2 eggs. 3g carbs, 1g sugar.",771065786733945
"Thank you all to your care and concern,God bless you allThank you all to your care and concern,God bless you all",416014478905746
"Hey all, My father was diagnosed with Type 2 Diabetes about a year ago, and with diet + medication has his glucose back in the prediabetic range. I wanted to understand a bit more about the challenges those with T2D face, and am volunteering to help with meal planning, meal/food research, grocery shopping (through instacart, etc) over email or phone. Not charging anything, this is for personal development. Also obviously cannot give medical advice, but am happy to find someone who can answer any of your medical questions (or related resources). If you're interested, shoot me a message or email me at elicohen2018 at u.northwestern.edu Thanks guys and take care!",364471477393380
Docs  today  blood  checks  diabeties  check  after  a  while  of  no  testing and  new  pill  aniglipton  hope  for  improvement x  hate  getting  the  blood  part  taken nervous,682089082298283
https://cdn.shopify.com/s/files/1/1463/8084/products/SourCreamBox_1000x.png?v=1501184882 think I need to find these one bag is 5g carbs,369437290230132
Anyone have diabetic retinopathy,804192230087967
"We are excited to post an invite we received this time from Osaka Japan by ""World Obesity Congress""  Glad to know that Reiki is not just limited to any one disease or ailment we can heal anything using Reiki Healing techniques. Dear Dr. Vivek Kamath , Heartiest Greetings from Obesity Congress 2018!! We are writing this letter to solicit your gracious presence as an Organizing Committee Member for the upcoming ‚ÄúWorld Obesity Congress "" held during July 23-24, 2018 at Osaka, Japan by a World Class Open Access Publisher and Scientific Events Organizer. Obesity Congress 2018 covers a wide range of critically important sessions from basic research to recent innovations. It is an especially based to learn and share knowledge on current research and applications of Obesity Congress 2018. The main theme of the conference is ‚ÄúFoster the class of Haleness through Nutrition‚Äù. For more details of the Conference PS: http://obesity-congress.alliedacademies.com/ Benefits for OCM at Obesity Congress 2018: ¬∑ Can become an Editorial Board Member to any Allied International journals ¬∑ Discount on publication fee for the article published in Allied International journals ¬∑ Discount on registration fee to the group suggested by you ¬∑ Can attend other Allied conferences with discounted price ¬∑ Opportunity to meet experts in your field of expertise ¬∑ Opportunity to get sponsorship for your projects ¬∑ Opportunity to Chair/Co-chair a session of your interest ¬∑ Opportunity to moderate the conference ¬∑ Opportunity to decide the best poster award ¬∑ Organizing Committee member will be felicitated with Certificate ¬∑ Can give free advertisement in the conference book ¬∑ We will include inserts (provided by you) in the conference delegate bags ¬∑ We will include your University/Institution logo on the conference banners, books in the website ¬∑ Can play the role of Honourable guest at the conference ¬∑ OCM name and photograph will be displayed in conference website We do very much hope that you will be able to accept this invitation. We are delighted to read your positive reply .We welcome you to share your thoughts over this conference. Your early response upon confirmation would be greatly appreciated. Thanks & Regards, Savina Clark | Program Manager Obesity Congress 2018 85 Great Portland St, Marylebone, London W1W 7LT, UK",1299109190188721
"SUNDAY FUNNIES: Ah, weather patterns... often just as unpredictable as diabetes. But one can always hope.",2249929108463621
Hi is there anyone in northwest suburbs of Chicago? Was wondering because wanted to know if there were any people who wanted to do walks in the evening that are in my area.. Being we are diabetics and supporting each other in our goals and motivation of some peopl can help. I would appreciate it if they're were some people who would like to join me in walks in the evening. Thank you..¬†‚Äî¬†looking for recommendations.,406584489848745
"It may not have been the best dinner as far as what I should be eating but for dinner I had spaghetti with garlic bread and a big glass of water. 2 hrs and 40 minutes later later my sugar was 133, which I think is still quite high. To be 2 hrs and 40 minutes later isn't that still a bad #, I did take my med late though?",306823966491465
Anybody use a sensor for checking blood sugar?  I have a hard time keeping one on my skin.,428013377705856
"Hi, can anyone please advise me about, my blood sugar levels are either too high or too low at anyone time. And I am having unsuspected hypo's and I am hurting myself when I have them. I am fearing for my own safety as I live alone since my wife passed away",300605563779972
Anyone heard of profile by Sanford?Anyone heard of profile by Sanford?,499468603893666
I am thankful to this good community of caring souls who keeps me centered on towing the line and following my routine.I am thankful to this good community of caring souls who keeps me centered on towing the line and following my routine.,504156823424844
The value of storing your Children‚Äôs teeth keeps showing tremendous future health possibilities,530761754097684
Pizza and white rice are my biggest enemy.   What are your worst enemies for controlling your sugar?,571261533381039
does anyone else take levemir insulin and having a reaction to it?  are you ankles and feet swollen and have leg cramps and pain in yur shins?  i do and i am uncomfortable.  my nurse practitioner does not have a doctors degree and is not a diabetes specailist  id ont like my doctor.  on Monday i have an appointment with an internal medicine doctor and he treats diabetes with no side effects im intereseted in how he is going to treat me.  he works on a lot of other problems as well that i have.  the doctor was great reviews there are so many the website is exploding.  my mom met the doctor at teh hospital he is treating my grandfatehr and then my mom said she started to talk about me and he takes both of my insurances so i can't wait for my appointment.  i want the pain and swelling to go away.  isn't it illegal for a doctor to keep me on a medicine im allergic to?  only if i had the guts to sue my doctor.  once im getting treated from the new doctor my nurse is getting dropped likea bomb im not going back to her.  my mom wants to take pictures of my swollen feet and ankles then take new pics once the swelling is gone go back to the nurse show her the pictures and tell her she has no idea what she is doing or talking about she is stupid.  how dare her keep me on a medicine im allergic to i'm the one suffering and she does not care about my health im ready to drop her and be done with her.  im ready to see the new doctor.  ill let everyone know how my appointment goes.  so what helps your pain and swelling?  i dont now how to get rid of it.  i am on a water pill but its not working i only have 2 pills leftr and instead of frequent urination i have less urination im only going twice a day which is not normal for me.  the pill did nothing for my swelling and i only have 2 more days left.  i wa only given 10 pills.  my doctor said ok you can take a water pill but it won't do anything for your swelling ut take it anyway that is the dumbest thing i have ever heard,427640191076508
Have a HORRIBLE YEAST INFECTION under my tummy fat role! Any suggestions?Have a HORRIBLE YEAST INFECTION under my tummy fat role! Any suggestions?,524314554742404
"So, I'm running quite high. Blood sugar is 412. I go to pump insulin and it says I only need 6 units of insulin. Did my insulin ratio get changed somehow?? This is not the usual amount of insulin that I need when my sugar is that high. Anybody know what that could be from? How I  can adjust those settings?",311108596063002
Super happy..finally got my referral to some of the best Endocrinologist in Cali. Now I can get the anti-insulin antibody under control and hopefully my insulin injections will start to do there job and my diabetes will get under control.¬†‚Äî¬†feeling hopeful.,266382840535578
My Dexcom G6 is finally here! Yay!,864193490754507
Thanks for the add. This stuff is hard for me to take in one minute I fill fine and the next I feel like garbage.,304998986673963
Plate method video,1644275459028992
Motivation for the week.  Don‚Äôt run away from things; run toward them. ‚Äì The best way to move away from something negative is to move toward something positive.  Move away from your diagnosis and toward health by changing your way of eating and your lifestyle habits.,1759326490857221
"Role of yoga/meditation in dealing with emotional issues in diabetes Stress whether emotional or physical, causes fluctuations in blood sugar levels, which can be a major health concern for people with diabetes. Emotional stress can be caused due to various factors such as being diagnosed with diabetes, adjusting to a diabetes treatment regimen or dealing with psychosocial pressures of the disease. Below are a few strategies which can be put into action to help diabetics deal better with their emotional issues. ÔÇü Yoga/meditation should be suggested for a person with diabetes who is going through emotional stress. Yoga has been scientifically proven to be an effective mode of treatment for a person with anxiety, stress or depression ÔÇü Diabetic patients should be encouraged to make pranayamas (breathing exercises) and a few minutes of daily meditation a daily routine. This helps to calm the mind and reduce stress, which in turn, reduces glucoagon and helps to bring the blood sugar in control ÔÇü You should learn the right way to do asanas and meditation (breathing techniques) through your counseller or yoga teacher ÔÇü Also you can learn asanas by means of videos or pictures online, which helps in improving blood sugar control ‚Äì the asanas include vajrasana (kneeling pose), shoulder stand, plow pose, lying down body twist, bow posture, two-legged forward bend and sitting half-spinal twist. ÔÇü Physical activity/exercise is another factor which helps in dealing with emotional issues for diabetic patients. Exercise causes the body to release chemicals called endorphins which trigger a positive feeling in the body ÔÇü Diabetic patients should play some sport of their liking or engage in hobbies like dancing and swimming to make exercise time a fun time and it also gives them a chance to relieve stress ÔÇü You should plan physical activity based on your personal health condition and should be at a time convenient for you in your daily routine to ensure compliance ÔÇü Physical activity also helps to reduce weight, improves insulin sensitivity and thereby is an effective treatment for both managing blood sugar levels as well as psychological issues",1518315041625035
Has any type 1‚Äôs doctor put them on Invokana? Did it help you? Side effects?,272471593260036
"Are you suffering from pain? What is pain? In healing terminology, pain is nothing but negative energy. Chronic pain is nothing but cumulative deposit of negative energy in your body part. It could be in your bones, joints, arms, muscles, organs or any part of the body. The negative emotions of our brain deposits negative energy in these organs. How and why do we get pain in the body or any organ? When the cells in the body get injured or damaged it releases chemicals called ‚ÄúProstaglandins‚Äù. These chemicals then goes to brain hormone called ‚ÄúEndorphin‚Äù through our body nervous system. In Healing we can activate the damaged cells or injured cells immediately so there will not be any prostaglandins. Also, we can heal endorphins hormone, nervous system and all the injured cells so that pain can vanish immediately. The message going from nerve/nervous stem to brain can be blocked with the healing technique. The another advantage of Reiki Universal energy is that healer can automate the process of healing or you can practice it on daily basis by learning self-healing technique where as physiotherapy treatment pain relief is temporary. When the cells gets damaged or injured again, patient will get pain. Hence, pain become chronic in nature and exists throughout the lifetime enforcing patients to take pain killers/steroid injections or physiotherapy treatment. Watch this video ",1184532274979747
"Belching and bloated for 2 days now, nothing I‚Äôve tried has worked",563798764127316
"My meals for today. I still have 87 calories left of my losing weight total consumption.  My Blood sugar is 99 and going steady.  If you look I have had carbs and other nice foods.  Dinner will be a hotdog on one slice of wheat grain bread and 2 Tblsp of Chilie  and a tblesp of onions on it. :D Description Amount Unit Calories Parade, Eggs, Jumbo, Grade A 2 egg 180 Torchy's taco corn egg jalepeno cheese 1 taco 350 Peanut butter, salted 1 tbsp 96.43 Kraft Cheese Spread, Pimento 2 tbsp 74.32 Celery, Raw 1 medium - stalk - 7 1/2"" to 8"" long 6.4 Lemon pudding cake, not frosted 1 medium cupcake 100.28 Blackberries, Raw 4 each 8.77 Mrs. Miller's Homemade Jams, Blackberry Jam 1 tbsp 50 English muffin, wheat, with raisins 0.5 whole - 3 1/2"" diameter 65.52 Chili hotdog no bun 183.8 slice of grain bread  90.72 Calories Summary  1206 kcal CONSUMED For your weight goal you can eat 87 more calories today",367763247064203
Lets get this week started off with bang!!,601143580392834
So lately been having my bs go down which is great but I am fighting a cold ... have been coughing and since then my bs is higher than usual ...,308829612957567
Good evening group  Just checking in on everyone I know it's a rough patch we all are going through with the Coronavirus but everyone be safe and healthy I'm still putting up a hell of a fight to be well. What strength I have in me becomes yours we are in this together so let's fight diabetes and Coronavirus I love you all enjoy your weekend everyone be safe,843681469472376
C-peptide test results are in and my doctor wont let me know what they are until appt sept 6.  I am so scared. üò¢C-peptide test results are in and my doctor wont let me know what they are until appt sept 6.  I am so scared. üò¢,453984678442059
Hi everyone !!! Any recommendations for a good foot lotion . My feet get super dry and crusty .¬†‚Äî¬†looking for recommendations.,266986533808542
I don't live in USA.  Private medicine is expensive and public is a nightmare.  This hurts but I bless the Lord.  He will Never give me a test I am not strong enough to carry.  I am not sure is diabetes. Blood sugar levels are ok.  Also every day I wake up with my feet and hands  num.  Sometimes it is my legs or feet or knees or hands.  Nobody seems to give me a clear answer and treatment.  I get 4 shots per day for pain.  So I am only asking for your prayer for God to give me strength courage and wisdom.  Please pray and write every message is a drop of heavenly water,660671404440051
Roll Call for Saturday August 24th (Morning Fast Reading)Roll Call for Saturday August 24th (Morning Fast Reading),665066054000586
Just did my sugar 203 I'm going to go eat now thanks everybody for all your help just kind of scary,350539092119952
March is National Kidney Month! Celebrate women‚Äôs health and kidney disease prevention and take steps to keep your kidneys healthy. www.niddk.nih.gov/health-information/communication-programs/nkdep/get-involved/national-kidney-month,10156223421554846
What can you have with fish ??? I have some sweet potatoe but what else ??,274361666404362
"Marion Nestle‚Äôs new book, Unsavory Truth, makes a strong case that Big Food has borrowed from Big Tobacco; they fund research to cultivate consumer confusion to market their products and avoid regulations.  She cautions: be skeptical if a food claims to perform miracles or a headline reads that ‚Äúanything you thought you knew about nutrition is wrong. If you want to eat healthfully, it‚Äôs not very hard. Eat your vegetables and fruits, don‚Äôt eat too much, and don‚Äôt eat a lot of junk food.‚Äù",10156889990245406
Has anyone noticed if using hand sanitizer before testing shows higher numbers than just washing your hands?,503738343466692
"Do you want to learn about the latest physical activity research, myths, and common barriers patients face? Watch the webinar from our Diabetes Discoveries & Practice (DDP) Blog with Dr. Jessica Unick, alumn of Brown University, and our very own Leslie Curtis of #NIDDK to learn more: https://www.niddk.nih.gov/health-information/professionals/diabetes-discoveries-practice/making-sense-research-myths-barriers",10155871911044846
Went for my diabetic review yesterday. Hba1c has come back at 58 which is great. However nurse has found that my heart beat is fast and skips a beat. Dr is ringing me monday. Xxx,321627095011152
Every night.,419858625187998
How can my blood sugar be in normal range all day long and before bed and be 130 to 150 in the mornings?How can my blood sugar be in normal range all day long and before bed and be 130 to 150 in the mornings?,508581369649056
are dates good for type 2 diabetes,297094550797740
"Question,   I am new to this site. T2 on Met. For 5 yrs. Just got an endo so i have only seen the PA. Told him met was not working. Morning # today was 199. He says shots or nothing.  My a1c is 6.4.  Are there no other pills to try. Had to stop taking Janumet and glypazide due to complications.",496599744180552
This is an excellent knowledge resource  ,1772317679558102
Just found out tonight that I have type 2 and just wondering (Australia) terms if normal sugar is 6.1 to 6.9 and mine blood sugar test came back 7.8 I have never had problems with my sugar levels and now I have to take two pills a night and I‚Äôm already feeling sick as - is this normal or should I ask for a second opinion?,463691340804726
My diabetes is getting better and my liver tests came back normal first time in 3 years .Hallelujah,703170486856809
Roll Call for Thursday October 17th (Morning Fast Reading)Roll Call for Thursday October 17th (Morning Fast Reading),702518800255311
If y'all never tried these shakes you should if your looking to have some taste and lose weight without all the carbs ...today is my 2nd day on these and I love them...so far I like the strawberry cream...orange cream don't taste good to me...,364830997357428
"Two hours after Turkey hamburger  and cheese burrito,  and fresh peach.  118.  I'll take it, was worried about the peach, but now I'll eat once in a while.üòÅ",661714007669124
Has any one had any experience with acupuncture? I my looking into it for an energy boost and to help with diarrhea. Not looking for a cure all. Just some help.,288777078296154
"Our favorite Sex Therapist and Diabetes Educator, Janis Roszler LMFT, RD, LD/N, CDE, FAND answers questions about Sexual Health Issues related to diabetes on Tuesday's Diabetes Late Nite at 6 PM, EST. TUNE IN:https://www.blogtalkradio.com/divatalkradio1/2020/02/11/diabetes-late-nite-inspired-by-camila-cabello",2546741335449062
Gaining weight on insulin?  Hate it? Here: ,1715004961956041
Evening Question. Ime running sugar numbers for the most part around 100 but many rocking the 80s and low 90s. I dont feel comfortable being in the 80s. Just because I've always been used to numbers higher. I dont go back to doctors till July for a1c check. I am on metformin. I do know good numbers are between 80-120. Am I worrying too much? Lol Was thinking of asking doc to reduce med a little. Thanks,607806613059864
We should all support each other  NO MATTER WHAT type we are (no bashing) keep comments respectful plzWe should all support each other  NO MATTER WHAT type we are (no bashing) keep comments respectful plz,460564801117380
"Does anyone ever get spotty blurry vision ? And also during exercise have you ever gotten lightheaded like you were gonna faint , nauseous and abnormally sweaty with a racing pulse ? I‚Äôm type II btw , was wondering if these things meant high or low blood sugar .",545646469275879
Ok I'm new to diabetes... I've been checking labels and regular brown sugar and the Splenda kind have almost same carbs but price difference is bigger. Why should I spend more to get the same carbs???,469881253519068
How high is too high? Why do doctor's say better high than low? When do you seek medical advice?How high is too high? Why do doctor's say better high than low? When do you seek medical advice?,338247206682474
Bought these they sounded interesting has anyone tried it?,606301166543742
No more pricking my fingers!!! At least only when needed.,2580339528755909
Tasty !!,294601561047039
"Myth: Eating too much sugar causes diabetes / Jaggery or honey does not cause blood sugar to rise. Fact: Diabetes happens due to a combination of genetic and lifestyle factors. Eating too much sugar does not lead to diabetes but weight gain due to excess calorie consumption from sugar can be one of the risk factors for diabetes. However, if one has diabetes, eating sugar will lead to high blood glucose levels. Further the new WHO guideline recommends adults and children to reduce their daily intake of free sugars to lee than 10% of their total energy intake. A further reduction to below 5% or roughly 25 grams (6 teaspoons) per day would provide additional health benefits. For a diabetic, sugar / jaggery / honey all are the same and can cause equal harm.",1497878980335308
Alright folks.  I just got a brand new job and I do NOT want my sugar levels to jeopardize this!  The problem is I'm a very picky eater (well not really I just find veggies and most healthy foods disgusting and blah) My question to all of you lovely members is how do you spice it up. What is your favourite diabetic friendly meal :)? Inbox or comment!  Thank you I look forward to all of your answers !! üíôüòÑ PICTURES OF YOUR DELICIOUS MEALS APPRECIATED AS WELL,266601790513683
Roll Call for Saturday May 9th (Morning Fast Reading)Roll Call for Saturday May 9th (Morning Fast Reading),864690674038122
Can Diabettic patient use Natural Honey..Can Diabettic patient use Natural Honey..,299560957217766
"# Dealing Diabetes # Beans like rajma, chauli, moong, etc. are nutritional powerhouses. High in fibre, protein, magnesium and potassium, these are nutrient powerhouses. Beans make you feel fuller for longer and are even reported to lower blood sugar. So make sure you don't skip this food in your next meal.",1096067803849763
"Question: I have diabetic supplies that I cannot use; they are from someone my Aunt knows whose diabetic husband passed away recently. What do I do with them?  Lancets (several boxes), needles (1 box), test strips (several boxes), and an old meter with lancing device (with case). EDITED:  The test strips are expired. üôÅ https://sellyourstripsformore.com/donated-expired-test-strips/",497186667455193
"My fiance usually runs super high and yesterday he increased his insulin to 18 units. He was 114 tonight, should he still take the insulin?",366957843811410
Please show your support to anyone you know who has Diabetes. Give this bracelet as a gift to someone you know and pledge your support for the cause for Diabetes Lives Matter.‚ô•Ô∏è‚ô•Ô∏èüéÅ For people who ask me about this bracelet i will leave the link below: http://bit.ly/2GpEiAH üòçüíê üëâ http://bit.ly/2GpEiAH,2284242081790027
So I understand the seriousness of my condition (Type 2 Diabetes) but I feel like I‚Äôm not doing anything about it. Has anyone been in my shoes? Like you feel stagnant and can‚Äôt change your ways... my sugars have been in the 300-400s for god knows how long and I just don‚Äôt know why I‚Äôm not budging üòî,2518194481637081
"I am so blessed with a husband who loves me, and takes care of me through the ‚Äúhighs‚Äù and ‚Äúlows‚Äù and everywhere in between!!",651396095367582
"I am a type 1 diabetic, so I take only insulin for blood sugar control.  I have a question for all you type 2-ers out there... It seems that many type 2 diabetics view using insulin as a failure of some kind, or as something to avoid at all costs.  I understand wanting to control your diabetes without meds, but I don't understand why insulin is somehow worse than having to go on other t y or 2 meds, like pills.  Isn't insulin just another tool, like any of the pills that you might take?  In fact, it seems like it might be preferred since it doesn't have side effects like many other meds.  Yet I see time and time again people posting about how they will do anything to avoid having to ""resort"" to using insulin...like its the worst thing that can happen!  People seem much more willing to take pills which can have many negative side effects.   Please help me understand as I am truly curious.  Why is it so important to avoid insulin?  Thank you!",415468608960333
"This dinner may seem fancy for a weeknight, but it comes together in only 30 minutes. Baked Halibut with Brussels Sprouts & Quinoa: https://bit.ly/2tJGvoj",10156769804850373
I love coffee. Are the sugar free creamers ok for diabetics? I use Stevia to sweeten stuff but I haven‚Äôt had any coffee since my diagnosis.,558174174689775
hi . not sure about diabetes dr is doing things right. I am a new diabetic. Type 2. Aic was 11 to start . then went to 8.3 and finaly 6.3.. am on metformin 1000 2x a day. and synthriod ..I have to lose atleast 50lbs. ..   ok here is where not sure if things are being done right.... am on random sugar testing 2x a day. Is that normal?  Shouldn`t I be testing on scehduled meals by now  after 6months ?,748891805618010
What do y‚Äôall do when y‚Äôall feel sluggish and have no energy,270073100166552
"# Dealing Diabetes # For type 2 diabetes, you can eat a small meal every 2 - 3 hours. When you eat smaller amounts of food, your blood sugar levels are lower after eating. Mini meals spread over the day may help control your hunger and calorie intake, leading to better blood glucose control and weight loss. Your blood cholesterol levels will also be lower.",951312054992006